id,time_clock_id,punch_in,punch_out
1,4a2e1e6c-1e0f-44fe-b3a3-2eb1edcd5b97,2025-02-19T19:58:55Z,2025-02-20T07:58:55Z
2,e8ac1d48-0d7d-474c-871a-e5de64781606,2025-03-10T09:08:41Z,2025-03-10T16:08:41Z
3,779f72fd-84c2-44a6-9e10-e9b1946200ce,2025-03-17T11:07:45Z,2025-03-17T16:07:45Z
4,b52cf6a2-3c34-4fa6-8db7-5f1aeda5dfa4,2025-03-13T17:57:39Z,2025-03-13T19:57:39Z
5,62c53d22-aee4-4cda-bf99-30ccd96941af,2025-01-09T04:54:29Z,2025-01-09T13:54:29Z
6,e43757cb-8672-47a6-b47a-bec5d0ff3a4b,2025-02-07T06:57:24Z,2025-02-07T17:57:24Z
7,c16a14fb-d6eb-4754-9dae-bc03ae843a84,2025-02-09T05:20:10Z,2025-02-09T08:20:10Z
8,263a1d9f-982d-4db9-849a-1cb8f8fb2854,2025-02-21T07:10:26Z,2025-02-21T11:10:26Z
9,a56ad480-0ad1-4cb5-95a1-6faa0b445a88,2025-01-07T08:37:03Z,2025-01-07T14:37:03Z
10,fcee8417-83f3-46d3-8b2e-a045d13c11e5,2025-03-10T17:01:24Z,2025-03-10T23:01:24Z
11,8a4be5a2-6383-449b-ad3d-70a05ebeea06,2025-03-10T09:53:15Z,2025-03-10T20:53:15Z
12,c55e3fd6-8052-4ef7-8dd2-deadb18efbf7,2025-02-20T22:59:30Z,2025-02-21T00:59:30Z
13,dcacd816-25b0-4129-8b92-4083a5d1fd72,2025-02-20T06:32:11Z,2025-02-20T13:32:11Z
14,e964c6aa-0d40-4ff8-9bf9-ad5d0a559714,2025-01-03T05:01:56Z,2025-01-03T19:01:56Z
15,c7c8f029-cdd6-4f86-83f2-cec3e301b974,2025-02-06T21:12:13Z,2025-02-07T11:12:13Z
16,6d2be705-f0d4-40a8-b12f-d8e4e59be75b,2025-02-20T21:08:29Z,2025-02-21T11:08:29Z
17,72b39e44-8de3-4e9e-9631-82b08de3fba8,2025-02-23T08:50:50Z,2025-02-23T10:50:50Z
18,17c37f95-6a6c-4d1d-ab7e-025640b48e6a,2025-02-16T21:41:58Z,2025-02-17T11:41:58Z
19,aaa26a2c-add2-404c-b863-1e3b12533609,2025-02-27T08:19:08Z,2025-02-27T13:19:08Z
20,a02d82f0-ed80-4c15-9314-9e00afc7774b,2025-01-07T03:09:24Z,2025-01-07T14:09:24Z
21,574acd1e-8063-4b26-af46-9844f51cc59f,2025-03-05T06:00:10Z,2025-03-05T16:00:10Z
22,9b0be3a4-797f-44d9-b6ca-e7305e81c864,2025-01-25T01:23:43Z,2025-01-25T06:23:43Z
23,e09f08e2-3d3a-43c7-b5d1-a83f604ed8db,2025-01-23T21:02:01Z,2025-01-24T10:02:01Z
24,a2956561-a9d9-42ae-a67b-9239658bc578,2025-01-09T06:38:20Z,2025-01-09T20:38:20Z
25,cd3ab39b-4aca-44e8-a2d3-d03eebef5ae8,2025-01-23T10:06:46Z,2025-01-24T00:06:46Z
26,a922380b-fcd5-4f42-8588-16e4852f76e6,2025-01-28T13:39:55Z,2025-01-28T14:39:55Z
27,21b3a318-1517-4644-a6d2-44a3519b18f7,2025-01-11T00:49:13Z,2025-01-11T02:49:13Z
28,3db73707-dd72-4d11-bc71-90b40af47f09,2025-02-27T07:20:20Z,2025-02-27T08:20:20Z
29,155ba025-52df-4481-a681-916e507f8a90,2025-03-08T11:07:11Z,2025-03-08T17:07:11Z
30,47a29cf4-dbaa-49a6-8f64-7d47d77640a7,2025-02-09T21:34:11Z,2025-02-10T07:34:11Z
31,f2142239-7400-46a2-b791-c2442bccaf45,2025-01-29T12:47:42Z,2025-01-30T00:47:42Z
32,a5016cd2-e1e7-4f8f-b048-b556806cdc5d,2025-02-27T22:43:49Z,2025-02-28T10:43:49Z
33,54905c16-43fb-4363-bd3e-1bbe1f3d3553,2025-03-15T07:24:06Z,2025-03-15T23:24:06Z
34,19c59039-95fa-4eea-a84b-70ce0553e201,2025-02-02T01:51:48Z,2025-02-02T14:51:48Z
35,e66b85ee-fdec-491c-9333-a6a98a9c36c4,2025-01-24T16:38:12Z,2025-01-24T19:38:12Z
36,1ca7924a-4074-456b-afc9-81895f271a20,2025-01-21T09:35:02Z,2025-01-21T19:35:02Z
37,a22c30a7-35b4-459b-a6c5-aac318cc4837,2025-02-27T22:29:25Z,2025-02-28T06:29:25Z
38,c204c435-851e-4557-940a-015d944fcb30,2025-03-07T06:02:42Z,2025-03-07T17:02:42Z
39,3411af37-d344-4558-b636-432cd4de316e,2025-02-26T18:43:45Z,2025-02-27T09:43:45Z
40,731dc8ab-2947-4079-b54a-54a557c09bce,2025-01-19T04:12:56Z,2025-01-19T09:12:56Z
41,d5711e8a-f4e3-42c3-8575-f5b9b51e4948,2025-03-16T19:49:47Z,2025-03-16T23:49:47Z
42,466e3a1e-a3e8-4e5d-9511-724a7530aa16,2025-02-12T19:23:12Z,2025-02-12T22:23:12Z
43,cc5f4dbf-542a-4f0d-a085-1f3bb78c02b5,2025-03-13T10:15:47Z,2025-03-13T14:15:47Z
44,00e1ec5c-f670-4f98-a167-4878cd3f713e,2025-01-09T19:53:08Z,2025-01-10T02:53:08Z
45,8667fd1f-0cbc-4add-86d5-e9b5a4f2fe1e,2025-01-29T12:41:23Z,2025-01-29T19:41:23Z
46,afb482bc-d4a1-4c3b-afba-08c96aaf7e38,2025-02-21T09:40:41Z,2025-02-21T23:40:41Z
47,1856a7f0-d73d-42f5-89a1-eb9af97fbfbc,2025-02-03T12:06:22Z,2025-02-04T01:06:22Z
48,de87bafa-e553-4452-b3b6-0e5b86b22ead,2025-01-24T00:31:49Z,2025-01-24T08:31:49Z
49,18f4af49-8cea-4794-98ef-884c6f5f6c9b,2025-02-27T17:17:36Z,2025-02-27T22:17:36Z
50,ac69bc77-9d0d-4ef3-8f22-3c17cb6cb88f,2025-02-02T23:49:25Z,2025-02-03T07:49:25Z
51,88f3f980-7d67-400b-979e-f70f18ec66b3,2025-01-11T03:41:58Z,2025-01-11T07:41:58Z
52,46478a24-598f-4107-8f55-721e75637037,2025-01-12T12:55:34Z,2025-01-13T01:55:34Z
53,7c765fd2-57a3-4518-b380-a1e7331f7ef2,2025-03-03T16:29:38Z,2025-03-04T07:29:38Z
54,27c88cac-cc91-4c10-a65f-f5365dae7267,2025-02-09T15:02:14Z,2025-02-10T01:02:14Z
55,7b167825-0797-4c8e-90ef-c510176d7c8d,2025-01-31T18:36:35Z,2025-01-31T19:36:35Z
56,675b303d-338c-449e-9b83-9b6e14a1408a,2025-01-06T22:27:22Z,2025-01-07T10:27:22Z
57,e3a7208e-41ac-4d14-b826-39ee3c7b2464,2025-01-15T07:36:21Z,2025-01-15T09:36:21Z
58,25334300-9574-4a67-921d-53e2b647d0d8,2025-01-28T21:10:03Z,2025-01-29T06:10:03Z
59,6cb136fa-ae9b-4441-b75f-32e871f5d950,2025-03-17T17:27:54Z,2025-03-18T03:27:54Z
60,e0d1600e-40e2-4c8d-a5ac-734070e4d8df,2025-01-01T12:23:42Z,2025-01-02T01:23:42Z
61,b7c990eb-211d-46b2-b356-607fa214339c,2025-03-08T20:41:39Z,2025-03-08T21:41:39Z
62,772e297e-5054-490d-b0ea-fd2bab11ba0d,2025-03-02T11:07:54Z,2025-03-02T18:07:54Z
63,4adb921a-67de-44dc-b3ae-adc3dffe5e00,2025-01-17T08:55:40Z,2025-01-17T17:55:40Z
64,0b2a3d86-8e6f-4bf2-a681-c79b201a0f51,2025-02-05T21:51:15Z,2025-02-06T00:51:15Z
65,53565e43-0592-4634-a975-f60805d3382c,2025-01-18T19:10:57Z,2025-01-18T22:10:57Z
66,e9f978fc-1b05-4559-b862-154cfac0c870,2025-01-08T02:58:46Z,2025-01-08T07:58:46Z
67,5af23f93-78f3-4bb6-8999-180f5296432d,2025-01-18T13:56:50Z,2025-01-19T04:56:50Z
68,9ceacefd-ba65-4bc0-ad4b-22c03cfb9c45,2025-02-08T01:10:39Z,2025-02-08T05:10:39Z
69,ffb9bfb1-0a7a-42b1-8f29-042dfabd1a93,2025-03-16T23:51:46Z,2025-03-17T08:51:46Z
70,0bf7c6e2-45ed-48eb-952a-79bf810569b7,2025-02-15T15:01:59Z,2025-02-16T05:01:59Z
71,9cf1b576-094d-4423-ad2c-ad37486467c0,2025-01-26T23:25:11Z,2025-01-27T06:25:11Z
72,21e0ac37-e5b9-477a-8875-33914b9cdc64,2025-01-15T12:19:08Z,2025-01-15T20:19:08Z
73,342caa7c-f46e-4610-9db7-64811e4c1b80,2025-01-27T12:33:48Z,2025-01-28T00:33:48Z
74,c37ef279-f57e-4f66-8d1f-7dd76c22d7ef,2025-02-07T23:26:20Z,2025-02-08T10:26:20Z
75,389289be-706e-4fed-be49-e2bc2580db73,2025-01-05T09:08:13Z,2025-01-05T23:08:13Z
76,a7a80b8c-450f-4c95-b86c-a5ae41abfc18,2025-01-02T06:59:16Z,2025-01-02T11:59:16Z
77,a41f7f09-f579-44a5-9246-f9498a965a23,2025-03-04T18:08:08Z,2025-03-04T20:08:08Z
78,402beb17-f035-4244-8a33-7aa008339f94,2025-03-07T13:03:04Z,2025-03-08T04:03:04Z
79,dbfecb33-f04a-4144-a620-a08074cc7153,2025-02-28T17:56:12Z,2025-03-01T03:56:12Z
80,abb7fef0-c9f8-486a-a272-7cd7f9ae427b,2025-02-04T09:32:42Z,2025-02-04T21:32:42Z
81,98315dc4-80b3-4071-9675-e311bec17705,2025-01-31T16:36:03Z,2025-02-01T08:36:03Z
82,18d282a3-6c00-48d2-8fbd-148182ddaa3f,2025-02-21T18:39:22Z,2025-02-22T05:39:22Z
83,fe5f82ed-2ee0-453c-91aa-d8140a426749,2025-01-18T03:50:14Z,2025-01-18T07:50:14Z
84,0ac6edcd-958f-4cc7-b6da-add62beeea7b,2025-01-30T02:24:45Z,2025-01-30T07:24:45Z
85,d43c28cb-b600-40d7-a444-fe1bc5d8b20c,2025-03-01T11:14:11Z,2025-03-01T16:14:11Z
86,ccb73d1c-b6cf-430f-9621-c81f1e2dce6d,2025-02-13T04:39:19Z,2025-02-13T17:39:19Z
87,49c31fa0-9ef6-48e5-a1b2-6b61bc70b8ed,2025-03-04T18:22:50Z,2025-03-05T04:22:50Z
88,93ee16f7-233d-4e1c-b40e-481c1a7afd80,2025-01-20T14:56:33Z,2025-01-20T15:56:33Z
89,3184099f-8c9b-4c01-8b14-cdeab94fdfe3,2025-01-04T04:23:49Z,2025-01-04T17:23:49Z
90,63bb26fd-1eda-4dd0-82a9-766fe8c9cd19,2025-01-19T13:10:03Z,2025-01-19T21:10:03Z
91,837e9b9a-a20d-414a-88f1-5b554737e892,2025-01-02T17:48:14Z,2025-01-03T00:48:14Z
92,48bd8471-0166-48e2-8a94-05dd559312a4,2025-01-06T13:39:27Z,2025-01-07T04:39:27Z
93,89a9498b-93dc-4c24-bfa2-e7cf8370a193,2025-02-23T07:09:08Z,2025-02-23T17:09:08Z
94,ad963b32-5adf-4238-a214-cd8cdf899eb9,2025-01-28T08:02:14Z,2025-01-28T13:02:14Z
95,0f313674-7129-41fd-87ef-802f354bcddc,2025-03-15T04:57:21Z,2025-03-15T06:57:21Z
96,d0b8b2ac-6d7e-4b2d-bc76-935133880ea2,2025-01-04T11:04:14Z,2025-01-04T22:04:14Z
97,01b193c0-faa9-4704-88d8-04b2c9e771ea,2025-01-12T10:42:24Z,2025-01-12T16:42:24Z
98,afe16bff-e9d5-489b-b813-adf7771f2e0f,2025-02-06T21:54:45Z,2025-02-07T12:54:45Z
99,8d2401e9-8481-4f1c-b20f-523825f82f94,2025-03-07T11:56:34Z,2025-03-07T22:56:34Z
100,5465b49f-b6c6-4ffe-8fac-bbc66db17bf7,2025-02-03T09:34:36Z,2025-02-04T00:34:36Z
101,7589fcf7-e61c-447b-991f-44b6b0a64701,2025-01-25T00:17:14Z,2025-01-25T04:17:14Z
102,7aae7be9-222a-4c44-bdc8-2ca2e6b20ba4,2025-01-18T19:38:13Z,2025-01-18T22:38:13Z
103,362eb550-5c0c-4d6c-99b1-4bc49d4f6eb2,2025-02-05T14:42:00Z,2025-02-05T18:42:00Z
104,5d907522-54c0-4571-bafb-183c18c99548,2025-02-14T19:48:26Z,2025-02-14T21:48:26Z
105,03890582-e0d3-4869-883e-aad76329ff95,2025-02-28T17:20:24Z,2025-03-01T03:20:24Z
106,b40c1514-0af0-4098-83e8-7e6b1f6e4459,2025-02-03T05:34:24Z,2025-02-03T08:34:24Z
107,5b57e9fe-2380-4c4e-a294-ad0a22512a7d,2025-01-12T16:02:52Z,2025-01-12T17:02:52Z
108,4b126f31-54f4-42d5-8905-281c0568ec61,2025-01-23T03:45:28Z,2025-01-23T19:45:28Z
109,9ec5c853-1969-474e-8d7b-52fa1c1e8cea,2025-01-28T12:13:43Z,2025-01-29T04:13:43Z
110,eed63f5f-143d-468a-8979-71a5a9d3bc5e,2025-01-19T10:06:33Z,2025-01-19T20:06:33Z
111,4ea36a74-7eaa-4976-87bf-203decce095e,2025-02-13T08:12:45Z,2025-02-13T11:12:45Z
112,a318e1fd-81b9-44a6-aae0-09e2d7ca0a10,2025-02-08T05:38:54Z,2025-02-08T18:38:54Z
113,e5d87f0a-881c-432f-9788-0967116770a7,2025-03-13T06:35:36Z,2025-03-13T12:35:36Z
114,c00a57bc-4d1c-4151-b6f2-7b512c3bc4b7,2025-03-10T20:36:13Z,2025-03-11T03:36:13Z
115,222e03e2-7797-44f4-9ffc-3ae2ce7cd299,2025-03-03T11:52:04Z,2025-03-03T17:52:04Z
116,d99c6434-782f-4787-ab75-bfd8ceaa4dfa,2025-01-16T05:45:56Z,2025-01-16T07:45:56Z
117,14df6cd2-a63f-4447-911b-1bb01cea6193,2025-01-04T22:08:08Z,2025-01-04T23:08:08Z
118,1f8e1f08-8535-4355-8ec3-b6d7bd572066,2025-03-12T10:18:48Z,2025-03-13T00:18:48Z
119,a0f421f5-817c-4de5-9058-d4d34c6b64d3,2025-01-01T08:32:13Z,2025-01-01T20:32:13Z
120,d0b0f65c-6b22-4e5c-9528-df11607418f3,2025-01-15T18:57:35Z,2025-01-16T04:57:35Z
121,3e2844f1-37f0-40ec-a3ec-8a1ec78264ca,2025-01-10T20:38:28Z,2025-01-11T06:38:28Z
122,60a840db-c7fe-4e42-b331-4c81e69047d3,2025-01-07T05:32:28Z,2025-01-07T10:32:28Z
123,82f8c0ea-2b17-4074-8379-c0cfb47d7efb,2025-01-29T07:42:53Z,2025-01-29T10:42:53Z
124,a28026cd-a297-4991-bc7e-a3323654cf31,2025-02-12T14:38:51Z,2025-02-12T22:38:51Z
125,ff5a3784-72f9-426b-b791-79a40a2367cc,2025-01-02T13:35:17Z,2025-01-02T21:35:17Z
126,0e7835ff-4f3f-4cb2-af9f-3f2a381604ea,2025-01-20T19:49:56Z,2025-01-21T04:49:56Z
127,9f4243c5-8865-45de-96fd-4d5a2ba8433b,2025-02-28T06:42:12Z,2025-02-28T18:42:12Z
128,76efec5b-5111-42e8-8043-c20a68dd01c7,2025-01-07T14:49:08Z,2025-01-08T06:49:08Z
129,231beb99-3b5e-4371-8218-89f32135004f,2025-01-18T17:31:53Z,2025-01-19T08:31:53Z
130,e80da210-6a18-4a63-aa48-889064b6c1ca,2025-03-06T14:25:41Z,2025-03-06T19:25:41Z
131,8830087e-117a-4948-b81e-0c87a6ea7f26,2025-02-09T04:55:28Z,2025-02-09T11:55:28Z
132,980480e8-996a-4ab1-828a-44d2c432cd87,2025-02-05T20:40:09Z,2025-02-06T04:40:09Z
133,d39fb0c3-9f07-4f7f-b610-f7deb90667c2,2025-03-13T12:14:56Z,2025-03-14T04:14:56Z
134,680cf17a-a966-460b-8815-0b59be93059d,2025-02-11T16:51:06Z,2025-02-12T02:51:06Z
135,5039c39d-fcad-4d99-b06e-e63fd706b5a0,2025-02-25T10:14:43Z,2025-02-25T23:14:43Z
136,41bab5d9-fe21-42f2-a9f6-4ab2b204f088,2025-01-04T06:43:49Z,2025-01-04T21:43:49Z
137,5cb601a6-0aa4-4eb2-82d4-fd7ec96a71d7,2025-02-23T16:48:15Z,2025-02-24T03:48:15Z
138,4c49091b-2f9a-4b5e-a37a-e51db85dd261,2025-02-11T20:31:35Z,2025-02-12T02:31:35Z
139,69348c1b-c9c6-4748-bde8-f280e44c201a,2025-02-02T06:00:44Z,2025-02-02T19:00:44Z
140,b3d1a745-11c8-4420-b339-6bae38c286fb,2025-02-02T17:57:17Z,2025-02-03T08:57:17Z
141,2d0cd3c5-ca6b-466a-a5c4-01e777e6a23c,2025-01-18T22:59:53Z,2025-01-19T06:59:53Z
142,4a7b709b-cb91-4a91-b3a8-a20f1a818f35,2025-02-06T12:56:59Z,2025-02-06T23:56:59Z
143,8d22fb6a-5f9e-4aaf-af09-1d9f2bbe5542,2025-01-12T08:11:06Z,2025-01-12T10:11:06Z
144,c0bde0e1-6a06-4b2e-8573-0cbfe4e1c40a,2025-02-02T04:51:15Z,2025-02-02T10:51:15Z
145,45494606-590f-433d-a3e9-a91ba20ad483,2025-03-02T15:17:09Z,2025-03-03T00:17:09Z
146,d35f4c02-8f78-46b2-8606-f6edd9b3b83c,2025-03-02T07:24:18Z,2025-03-02T20:24:18Z
147,26a43b4a-d24f-41aa-84ef-6abddac28826,2025-03-17T19:50:52Z,2025-03-17T20:50:52Z
148,761d88ca-4963-46d6-9f28-cbe5c9d189db,2025-03-08T19:20:45Z,2025-03-09T00:20:45Z
149,e4d916e5-1fe0-443f-90d7-0ab208d8a036,2025-01-08T12:04:59Z,2025-01-08T18:04:59Z
150,8a7b2498-f286-4ca0-afcd-27c9516bbcc4,2025-03-17T06:16:12Z,2025-03-17T17:16:12Z
151,d79a607c-8dcc-4c75-891d-c0b3eba07ee8,2025-03-14T22:11:56Z,2025-03-15T02:11:56Z
152,efaef4ec-0352-437c-8453-11c05b32a364,2025-02-22T04:24:37Z,2025-02-22T13:24:37Z
153,96bf0312-9c7e-43f8-98b4-f220b6858e8b,2025-02-27T17:30:01Z,2025-02-28T09:30:01Z
154,9b24cd71-ffda-4023-8834-9d86ba9896c2,2025-01-05T02:51:54Z,2025-01-05T05:51:54Z
155,f5f8d238-270d-441d-9a85-f15ae99183a1,2025-01-26T23:58:32Z,2025-01-27T04:58:32Z
156,2d03411f-28c6-4a8f-9550-f6e42d1527cd,2025-03-13T04:26:17Z,2025-03-13T20:26:17Z
157,1eb358ee-8f92-443c-9525-929ddc7f5a95,2025-01-07T08:39:33Z,2025-01-07T17:39:33Z
158,3766a875-c5fe-4a9a-b6f5-6e7a3c04bcb3,2025-01-01T20:36:47Z,2025-01-01T22:36:47Z
159,b10a7800-754c-4a73-959f-ccb1e1213e70,2025-02-10T19:13:33Z,2025-02-11T00:13:33Z
160,83d4e3d9-3541-4b70-bbde-9c170440aa3a,2025-02-20T07:50:02Z,2025-02-20T12:50:02Z
161,288e96fc-c7f7-4760-9599-cbc16788e60e,2025-03-15T09:49:31Z,2025-03-15T21:49:31Z
162,a0354d54-0988-4213-9595-2dc14551c9eb,2025-03-12T08:04:43Z,2025-03-12T10:04:43Z
163,354ea383-8ef3-40e4-996d-ba99a92dc1d5,2025-03-10T22:22:45Z,2025-03-11T06:22:45Z
164,8667433d-73aa-4834-bc52-26bf4a48fef7,2025-01-05T11:31:10Z,2025-01-05T12:31:10Z
165,33196fc2-bc02-4ccc-b0ce-0bd8c914ed74,2025-01-20T18:13:31Z,2025-01-21T03:13:31Z
166,eb34ae36-90c2-499c-a3c8-e753c92a4137,2025-03-05T05:09:36Z,2025-03-05T18:09:36Z
167,e4b69b1d-a1a6-443e-873c-0fe6a7e2f573,2025-02-05T14:20:54Z,2025-02-05T15:20:54Z
168,2805da5e-828a-496a-88eb-825425b03997,2025-03-14T23:32:37Z,2025-03-15T09:32:37Z
169,4a41226b-3920-49a9-8043-7f53950d2e2b,2025-01-14T07:53:01Z,2025-01-14T08:53:01Z
170,484f0446-0892-4042-a21d-0a34e6721bf0,2025-01-03T17:19:25Z,2025-01-03T18:19:25Z
171,603a176b-9c28-4527-a412-b9b6789163ec,2025-02-04T03:00:02Z,2025-02-04T15:00:02Z
172,ba4f76a8-5986-43ea-b882-1bd08864d9b7,2025-03-09T21:25:11Z,2025-03-10T12:25:11Z
173,c2717817-e22a-4a3e-b587-1825b9e45dd7,2025-01-11T20:54:11Z,2025-01-12T11:54:11Z
174,74f2118e-2867-4326-8e0e-8acfe834567a,2025-02-20T04:19:17Z,2025-02-20T08:19:17Z
175,5900361f-3d95-4bb3-bab1-0dcd8608be3e,2025-01-20T08:54:33Z,2025-01-20T18:54:33Z
176,465ee299-1eab-4770-ba3c-3fe3e017aabb,2025-01-26T14:48:24Z,2025-01-26T18:48:24Z
177,2f0b1aa0-b03e-470d-accf-c6ed7a665f34,2025-01-12T06:07:15Z,2025-01-12T09:07:15Z
178,5a0917f6-0429-491e-a090-a7bcfb9496b9,2025-02-11T11:39:54Z,2025-02-11T17:39:54Z
179,84284cbe-8c4e-4e3c-a9b0-0dce08de3c5a,2025-03-08T18:48:12Z,2025-03-09T08:48:12Z
180,cce343a5-b7fa-4d46-9d12-9f6aa933034b,2025-02-24T13:18:50Z,2025-02-25T02:18:50Z
181,3a9a8411-60e1-4645-8ccc-1cfa50d48e06,2025-01-23T20:01:02Z,2025-01-24T12:01:02Z
182,4070416f-ebd4-4ffc-949e-f0a22a6af081,2025-02-12T23:55:37Z,2025-02-13T08:55:37Z
183,afec21d9-612f-438f-b36b-613e8707175c,2025-01-11T02:03:51Z,2025-01-11T03:03:51Z
184,41662a42-f66e-48c3-b8f7-5769e2636214,2025-02-25T12:33:37Z,2025-02-25T20:33:37Z
185,6214b847-4528-49df-9fc0-32bc21e70359,2025-02-19T22:09:38Z,2025-02-20T00:09:38Z
186,9ca45488-31d0-468c-81ad-4f0cd93f5a01,2025-01-03T07:14:33Z,2025-01-03T23:14:33Z
187,c294fc64-fa8c-4fa7-b863-65e58ad930a2,2025-01-29T21:42:08Z,2025-01-30T11:42:08Z
188,19659172-236c-43a4-8c4c-ba7dbbd26962,2025-03-18T19:59:04Z,2025-03-19T05:59:04Z
189,c91cc04a-1500-451e-b444-71c01f3b39dd,2025-01-08T14:34:17Z,2025-01-08T22:34:17Z
190,f0d41872-0603-4e01-b0e6-2982ed040af8,2025-03-15T15:41:35Z,2025-03-16T02:41:35Z
191,0ad22e28-281c-4a3e-bdfd-3db8ae2abf8b,2025-01-22T14:13:36Z,2025-01-23T06:13:36Z
192,7ff5dea6-448c-438f-b8cf-e655d80fcc19,2025-01-11T22:57:00Z,2025-01-11T23:57:00Z
193,4b18e826-7e85-4445-9c8a-10dd7bd869c2,2025-02-22T15:43:48Z,2025-02-22T22:43:48Z
194,a8cb5072-65b0-4b59-b53f-1432d07fc8ed,2025-02-06T15:13:59Z,2025-02-07T01:13:59Z
195,be91b197-ba13-4c26-b7ce-7f35d6214f90,2025-01-24T12:16:41Z,2025-01-24T21:16:41Z
196,cbe120d2-1dca-40d8-b8ec-1ea0d80ae213,2025-01-23T08:25:40Z,2025-01-23T22:25:40Z
197,68a8abd6-b6f7-42ae-88c5-95d74ecb6d05,2025-03-04T12:04:08Z,2025-03-04T18:04:08Z
198,6a2e4a7e-347e-4647-aaad-6101c87692ee,2025-02-11T01:22:46Z,2025-02-11T17:22:46Z
199,a4edd06d-bf4c-40d5-914a-e605164387d0,2025-03-03T07:44:33Z,2025-03-03T18:44:33Z
200,5468f119-fb2d-4578-910c-bc5321d8ac2e,2025-01-31T19:48:14Z,2025-02-01T03:48:14Z
201,af7c7abf-009b-4736-a3aa-c583bcdaa9ba,2025-01-29T18:44:35Z,2025-01-30T09:44:35Z
202,8decbe60-f304-45e9-91ff-ed70ca4cdaea,2025-02-01T12:24:23Z,2025-02-01T23:24:23Z
203,0d7d231f-3b80-45fb-b5b9-e205a618b6a9,2025-01-26T18:30:44Z,2025-01-27T08:30:44Z
204,c9051351-1d8b-4848-bc17-18fe234b1776,2025-01-28T03:14:30Z,2025-01-28T16:14:30Z
205,65751c35-61c9-44ed-8ff7-6c08f6b4e5d2,2025-01-18T22:01:04Z,2025-01-19T11:01:04Z
206,d0f0f4ed-4dca-4131-933d-3269cbedd443,2025-02-08T12:24:53Z,2025-02-08T23:24:53Z
207,6f632b42-580b-4f4b-83b1-49880c4dbd91,2025-01-30T03:56:37Z,2025-01-30T08:56:37Z
208,e8c5b4a0-b620-4d37-b544-fd0df69a4774,2025-02-13T20:50:39Z,2025-02-13T23:50:39Z
209,5fbd62be-6171-4a96-84af-d8f8bbeccc49,2025-01-25T18:59:14Z,2025-01-25T21:59:14Z
210,36b4d9e4-0af0-4360-b681-bfd08bc156d6,2025-02-27T00:13:26Z,2025-02-27T15:13:26Z
211,3164b8ca-9400-4fda-accd-d6734e3e8ce4,2025-01-16T14:14:24Z,2025-01-17T03:14:24Z
212,b3990f4b-e541-4f47-af18-62909ded9a8c,2025-01-01T16:08:23Z,2025-01-02T07:08:23Z
213,77b52c54-14c4-4f51-8013-1be41b5f720d,2025-03-11T00:02:38Z,2025-03-11T03:02:38Z
214,09f1a858-a5cc-4744-845c-c98b037a490d,2025-01-15T04:31:48Z,2025-01-15T17:31:48Z
215,9bf71273-740d-46d7-b741-7bcc52a5911e,2025-02-13T22:05:44Z,2025-02-14T03:05:44Z
216,131a276c-465a-49e7-8a99-dfc3c0ed16cd,2025-03-05T15:11:56Z,2025-03-06T04:11:56Z
217,0fa26590-af9d-44ab-b42f-d11f928a6a9b,2025-03-18T21:02:38Z,2025-03-19T02:02:38Z
218,01767e0c-6f94-4c63-8773-1577a2839ddb,2025-01-07T03:59:28Z,2025-01-07T04:59:28Z
219,500d2da5-eeb9-4dda-87c5-c4005ca51bfa,2025-01-14T16:07:53Z,2025-01-15T03:07:53Z
220,081fdcf3-099a-4bce-9cbc-01ff1a2b0a2d,2025-03-15T14:37:36Z,2025-03-15T15:37:36Z
221,035822b5-aa27-474e-b3fa-1493b1ad7330,2025-01-01T08:23:49Z,2025-01-01T09:23:49Z
222,1c18a342-9a33-459a-a9e9-8ffdd0141d20,2025-03-04T10:51:47Z,2025-03-04T22:51:47Z
223,c39ffc58-62a9-4613-8399-baa52e09e02c,2025-02-15T08:22:35Z,2025-02-15T22:22:35Z
224,a8bbf23f-ef19-4174-9973-b661ffb02a41,2025-02-11T22:51:14Z,2025-02-12T02:51:14Z
225,bee5e625-92fa-4e2f-9bcb-0cbec41eda75,2025-02-15T00:46:18Z,2025-02-15T16:46:18Z
226,73352c62-e729-4ba4-8802-c72f1101932f,2025-03-06T21:08:42Z,2025-03-07T06:08:42Z
227,d8c36ea9-15e7-42fe-99cf-7d787df0f0a4,2025-02-20T03:14:48Z,2025-02-20T05:14:48Z
228,13954c03-e14b-48a7-b68b-36de4e43299d,2025-03-16T21:22:47Z,2025-03-17T00:22:47Z
229,f4e7897d-317c-425e-8b4f-5ffe5bbe4749,2025-01-29T12:58:47Z,2025-01-29T14:58:47Z
230,232ff341-813b-4317-89ed-b0f852a0244a,2025-02-08T18:24:12Z,2025-02-09T10:24:12Z
231,c0ac8a76-c68f-4a23-b9b9-108355c4778f,2025-03-04T17:22:00Z,2025-03-04T22:22:00Z
232,10f00743-0f42-40a1-8226-d8df25cb46e9,2025-01-29T11:07:36Z,2025-01-29T23:07:36Z
233,1d1bf4e9-de13-40af-92b4-7feb1618233e,2025-03-05T14:28:11Z,2025-03-05T23:28:11Z
234,f34a9902-86bd-4866-91c2-b0f531a3bf17,2025-01-28T18:34:04Z,2025-01-29T09:34:04Z
235,34aeda59-dda6-4c79-b841-87aa0411f8ab,2025-03-17T08:08:30Z,2025-03-17T09:08:30Z
236,fdc76442-6ce5-497d-a93e-cced3603b476,2025-01-09T13:34:32Z,2025-01-09T16:34:32Z
237,ddf654bf-971b-4dd9-b250-e77e2a297dc1,2025-03-04T13:51:21Z,2025-03-05T00:51:21Z
238,28fc437a-00b1-43a3-86fc-e79dc33b7ae9,2025-02-13T13:21:59Z,2025-02-13T18:21:59Z
239,56a84bbb-12a2-4ae3-95af-88a09d9ff689,2025-01-30T14:29:18Z,2025-01-31T04:29:18Z
240,59a783bf-6bb4-41c9-8205-b5b95937dc1a,2025-03-07T09:27:19Z,2025-03-07T11:27:19Z
241,1c5b3c2b-6f14-4012-919a-12793e664875,2025-01-28T13:09:39Z,2025-01-28T14:09:39Z
242,52bb82ff-7dc0-440d-8893-d3db23ceb743,2025-02-10T09:19:34Z,2025-02-10T15:19:34Z
243,9ef61882-d21f-48d0-b781-34c85d8a53c0,2025-01-11T05:16:21Z,2025-01-11T09:16:21Z
244,0a1391d3-d99d-49d5-9dc6-f853618b5176,2025-01-14T18:42:36Z,2025-01-14T22:42:36Z
245,455dc0d2-9bf7-4762-8a8d-e7421d5b3254,2025-01-01T18:26:30Z,2025-01-02T02:26:30Z
246,79d5c150-d4c4-42e8-88cb-71ce00a23bd6,2025-02-01T14:34:26Z,2025-02-01T20:34:26Z
247,d34de648-16bf-45f9-8bac-6d38b0bb7b42,2025-03-06T16:58:23Z,2025-03-07T00:58:23Z
248,dd7b2629-edd2-49f3-b25e-bb04c5d408ba,2025-03-10T05:05:44Z,2025-03-10T06:05:44Z
249,a575cf88-b5c1-46c0-9aab-31bdf95a1b22,2025-03-13T03:17:00Z,2025-03-13T05:17:00Z
250,d3aa2bea-e6f5-4808-b482-fb51148a977a,2025-01-26T21:31:46Z,2025-01-27T12:31:46Z
251,1ed5d439-b648-4991-9280-4ee931f0649e,2025-03-16T02:35:49Z,2025-03-16T10:35:49Z
252,7c4c9150-b32e-4a8e-a705-273577bf7cc8,2025-02-27T05:00:28Z,2025-02-27T07:00:28Z
253,b09adaf6-40db-4403-9f6c-ea4e57912a63,2025-01-14T17:18:09Z,2025-01-15T05:18:09Z
254,2b3dc691-fdb5-4cfe-bccb-2afaf502ca50,2025-02-21T06:47:44Z,2025-02-21T11:47:44Z
255,5f6f9dc0-cd16-4385-80c7-af06889f7f47,2025-02-18T00:20:55Z,2025-02-18T07:20:55Z
256,06d42c43-51d4-4e7e-8c17-370bc7c29213,2025-01-26T10:46:08Z,2025-01-26T22:46:08Z
257,6349693c-5941-4ef8-8789-e99a507572f3,2025-03-10T21:04:12Z,2025-03-11T05:04:12Z
258,971e8a94-ee97-4055-a7fe-abdc6aa34965,2025-01-27T10:25:40Z,2025-01-27T15:25:40Z
259,376ef14a-f443-4108-b70a-42d1d0f9420c,2025-02-21T18:19:52Z,2025-02-22T06:19:52Z
260,91304ac7-4294-45ff-a811-8dd488c2d440,2025-02-19T05:49:23Z,2025-02-19T07:49:23Z
261,93bdd418-39d7-4ed5-aa2c-d67a28fb1915,2025-01-19T21:02:59Z,2025-01-20T03:02:59Z
262,800b26dd-fbad-4aa0-858d-3a4b0aa8ea58,2025-03-10T20:50:12Z,2025-03-10T21:50:12Z
263,ae64e5cd-480d-4610-9ae0-b3d7900cd60e,2025-01-07T20:40:35Z,2025-01-08T02:40:35Z
264,c07d92de-87ef-4802-b7e6-b470f11f9ecd,2025-03-04T08:29:32Z,2025-03-04T09:29:32Z
265,84027598-0606-4e47-92ed-71afce893e5d,2025-03-03T14:09:42Z,2025-03-04T05:09:42Z
266,f91188d9-bdde-4884-8ca9-2dcc1865a9f5,2025-03-05T22:22:13Z,2025-03-06T03:22:13Z
267,f2d8c921-d7d1-485c-9ff2-4cc0031bf98e,2025-02-15T14:33:54Z,2025-02-15T20:33:54Z
268,b56986d1-9aa9-46e0-a627-4abf80508b74,2025-01-21T23:06:52Z,2025-01-22T08:06:52Z
269,7d6cfd8b-aa0f-44fb-a429-77a50acff9c7,2025-01-12T12:03:11Z,2025-01-12T13:03:11Z
270,3e8796ab-8d2c-4c2a-acc4-bd9d61cdd443,2025-03-15T16:51:00Z,2025-03-15T19:51:00Z
271,24ebea3d-ea58-49f5-bfd6-7522b1c67f63,2025-01-14T03:10:36Z,2025-01-14T05:10:36Z
272,52b590d9-a65f-4ab8-b6df-e8a17a8c5709,2025-03-15T19:53:48Z,2025-03-16T05:53:48Z
273,ec72c2ba-fc12-4e09-a033-7337ae79bcc6,2025-02-21T17:14:36Z,2025-02-21T23:14:36Z
274,fe40406c-f2ec-4b42-ad48-3f0fdc912ced,2025-03-05T12:53:48Z,2025-03-06T03:53:48Z
275,97ec069e-7d7e-4697-9544-485dce5ef776,2025-01-06T04:45:47Z,2025-01-06T14:45:47Z
276,17c9ed42-8661-40d9-81ea-4b5abdb2a0cc,2025-03-10T05:50:26Z,2025-03-10T06:50:26Z
277,499f013c-0710-475a-a67b-47795226d015,2025-03-14T14:20:55Z,2025-03-14T23:20:55Z
278,b0dc6bdc-1f9c-4419-bbcc-35e72d584f0d,2025-03-05T16:05:00Z,2025-03-06T03:05:00Z
279,3d65826a-6fa4-424a-9fdf-1c2bdd4d3989,2025-01-01T12:31:25Z,2025-01-01T13:31:25Z
280,bc31b82f-ffc6-4671-ae95-e18dc3140246,2025-03-15T21:29:28Z,2025-03-16T00:29:28Z
281,f4c1fb4d-0db1-4b1b-8a98-f685dbaf4d0d,2025-01-04T03:03:57Z,2025-01-04T13:03:57Z
282,6c3809af-2b21-44fd-a9db-1113f3d8240b,2025-02-06T06:59:15Z,2025-02-06T11:59:15Z
283,8bfab93b-85ce-4e7d-870a-6a4dd0a9c222,2025-03-12T15:02:58Z,2025-03-13T05:02:58Z
284,2da5b957-553d-4d36-8510-f84e920467dd,2025-03-05T11:39:12Z,2025-03-06T02:39:12Z
285,96e4c1b9-1ee0-46c9-87ca-f408c9b276a8,2025-03-01T06:18:58Z,2025-03-01T14:18:58Z
286,7d2e3b03-6601-4467-93d1-1b4bd9929a12,2025-01-02T09:40:49Z,2025-01-02T22:40:49Z
287,ec86cdea-7ead-4c7e-ab73-8ebc04fe9e2c,2025-03-06T08:47:38Z,2025-03-06T14:47:38Z
288,e5b6c21c-f8c5-4b44-b2b0-c1e11ed042a5,2025-02-08T12:03:39Z,2025-02-08T19:03:39Z
289,89518112-03d9-4eff-820b-b47ae2001213,2025-01-17T23:23:33Z,2025-01-18T09:23:33Z
290,57a77bea-c8b0-48e0-9d44-b917f46c74a4,2025-01-01T23:13:23Z,2025-01-02T13:13:23Z
291,b889468e-4cb3-4cda-918e-0dd64769e20b,2025-02-13T21:39:44Z,2025-02-14T11:39:44Z
292,9e698a53-ba18-4703-87fe-1b09da520bbf,2025-01-24T04:36:26Z,2025-01-24T09:36:26Z
293,eef741ab-4243-4842-826c-3d706c84f5f5,2025-01-06T14:12:47Z,2025-01-07T01:12:47Z
294,015007c1-0042-416d-862c-054ccd916aee,2025-02-24T22:58:15Z,2025-02-25T13:58:15Z
295,4475231e-ddfb-464e-bc4b-fac43bffd560,2025-02-20T09:08:39Z,2025-02-20T10:08:39Z
296,87161cc0-9114-439d-9f90-b9579b6c9d96,2025-01-01T14:59:09Z,2025-01-01T21:59:09Z
297,e756bee3-3e7d-494b-a254-2596c96ecf18,2025-03-06T12:51:33Z,2025-03-06T17:51:33Z
298,9abba217-764c-479d-b997-89992990c68a,2025-02-21T01:26:38Z,2025-02-21T09:26:38Z
299,2330a03e-9f8a-46a4-a475-e327b2bbeaef,2025-01-26T05:22:22Z,2025-01-26T14:22:22Z
300,c850cd85-96f1-439e-bc7b-69d9577919e9,2025-01-26T10:26:04Z,2025-01-26T18:26:04Z
301,fc6f94da-5a29-41ee-81bd-65881c7c82df,2025-02-03T22:40:49Z,2025-02-04T14:40:49Z
302,7dfba425-e99d-4d5b-99a3-93e2bea680fb,2025-03-17T09:11:09Z,2025-03-17T23:11:09Z
303,fa1b821d-be2d-4d99-9579-e52d90470733,2025-02-28T23:49:54Z,2025-03-01T09:49:54Z
304,cbb5f622-b7eb-4c59-992d-2a8e1757b72f,2025-03-15T21:34:12Z,2025-03-16T01:34:12Z
305,91691bc3-2c95-4532-8abf-5c51f4b59507,2025-01-14T18:35:49Z,2025-01-15T04:35:49Z
306,7f2c8ed6-7edf-4238-8482-2111d0b2e791,2025-01-22T21:05:37Z,2025-01-22T23:05:37Z
307,45bf5dc8-163d-49af-ae06-706312504b01,2025-03-04T05:32:39Z,2025-03-04T19:32:39Z
308,6130dbd9-37d1-46ad-beb1-79ac82517927,2025-01-28T15:04:39Z,2025-01-29T00:04:39Z
309,7c0bd3ff-c226-4ddf-a303-c766c063c546,2025-02-03T13:46:19Z,2025-02-03T16:46:19Z
310,66efc254-d119-4bb8-8969-3cdc87202a15,2025-01-30T16:20:02Z,2025-01-31T06:20:02Z
311,30bbba42-212f-44ea-9b8a-276e9fe1c1d0,2025-02-24T02:05:36Z,2025-02-24T08:05:36Z
312,a28df2fc-bc59-47be-a0fb-4fd4b4368a54,2025-03-10T03:48:35Z,2025-03-10T12:48:35Z
313,f46833d1-7865-4075-bb60-c7a1500b3f33,2025-03-03T06:24:53Z,2025-03-03T21:24:53Z
314,32c28d8d-7c25-4ef9-a936-e06c21133b0d,2025-01-07T19:40:31Z,2025-01-08T08:40:31Z
315,9e3b96ee-51ef-47d5-869f-cab98f8afdb0,2025-02-17T12:28:55Z,2025-02-18T04:28:55Z
316,2436658e-849d-413f-bab0-a0d22de70873,2025-03-18T17:03:05Z,2025-03-18T22:03:05Z
317,3edcb3a6-0276-465b-9a2b-e5779bf0ff6f,2025-03-14T14:42:44Z,2025-03-14T20:42:44Z
318,dbe11e1f-35e3-4f03-bb05-0b39cf55bba6,2025-01-17T14:48:50Z,2025-01-17T15:48:50Z
319,22fbedbe-916a-4278-96b9-870cf0f6ea51,2025-03-04T21:16:52Z,2025-03-05T01:16:52Z
320,055b667d-1adf-4700-bbc9-2387e82c5b24,2025-03-17T23:55:07Z,2025-03-18T13:55:07Z
321,b1cc9ca7-04bf-4275-bc44-c21c7c2a1e37,2025-01-29T09:03:07Z,2025-01-29T21:03:07Z
322,b67fedde-ece5-4a20-90d4-22fe0f1e38c2,2025-02-23T02:52:10Z,2025-02-23T09:52:10Z
323,33cf15ff-f234-4643-a4ee-2015e1aed456,2025-01-04T01:17:12Z,2025-01-04T12:17:12Z
324,bd41515d-4dd4-4817-9dae-f0a21c14ea35,2025-02-14T09:18:05Z,2025-02-14T13:18:05Z
325,2e7739da-f73e-4e2e-bf07-d115d5b0bd95,2025-02-13T00:16:18Z,2025-02-13T05:16:18Z
326,a1b30278-f8ef-4c6f-86f5-f79761b138da,2025-01-18T00:38:04Z,2025-01-18T12:38:04Z
327,06a76a03-4ec8-4bc3-8a64-1073c350c3c2,2025-01-09T08:09:53Z,2025-01-09T10:09:53Z
328,4cadc483-0302-4c68-b059-a0b368ba6fd2,2025-01-30T02:37:18Z,2025-01-30T15:37:18Z
329,422705de-a256-46ea-adc6-f2cc62ac5962,2025-01-24T04:48:03Z,2025-01-24T18:48:03Z
330,ab1c6df1-09fc-471a-a2e0-c03fe74dab3d,2025-02-03T10:41:30Z,2025-02-03T11:41:30Z
331,4bd7547e-3392-4d51-bbd9-c7f32d40b6c5,2025-02-04T19:06:47Z,2025-02-04T21:06:47Z
332,aa4a9dd9-62f3-4a25-becc-2ff44a83bf66,2025-03-07T08:12:25Z,2025-03-07T11:12:25Z
333,cee64d83-c306-43ba-924b-746126c79461,2025-01-12T23:56:07Z,2025-01-13T08:56:07Z
334,65ef1ddf-6793-4677-a8f1-d01bb9ab0847,2025-02-16T17:10:59Z,2025-02-17T04:10:59Z
335,418ece97-0049-4ccf-8c20-0098cdab5eea,2025-02-14T09:31:30Z,2025-02-14T12:31:30Z
336,963bad16-bc5e-4bf8-9e1f-3e1961234355,2025-02-15T21:39:07Z,2025-02-16T05:39:07Z
337,5dfa3829-2d2a-4118-9f59-075559d36b5e,2025-03-15T09:42:19Z,2025-03-15T18:42:19Z
338,c44c0e61-f082-4e27-942e-d3b17c39ea85,2025-01-19T15:58:53Z,2025-01-19T20:58:53Z
339,b784ceb2-6c3f-4482-bc48-5b77649a6055,2025-01-29T15:15:43Z,2025-01-29T23:15:43Z
340,3f445233-c737-4a84-9e7c-3d55e5b7a0eb,2025-02-23T22:03:43Z,2025-02-24T12:03:43Z
341,919fe1ec-a1e5-4063-b8d2-c7ff769233f6,2025-02-18T16:06:43Z,2025-02-18T23:06:43Z
342,2c4d51fb-5e42-4fee-8c48-1b2e652d193a,2025-02-06T23:02:51Z,2025-02-07T12:02:51Z
343,7b57ca2a-99e2-4141-86a1-343680398440,2025-02-12T00:44:16Z,2025-02-12T16:44:16Z
344,5af77024-9550-470a-aa54-ae1eb247f3e4,2025-03-14T21:36:07Z,2025-03-15T13:36:07Z
345,174200fe-4964-4f69-96ad-bb061173f360,2025-03-10T08:13:05Z,2025-03-10T21:13:05Z
346,c3d84f22-4963-4ed0-a642-67c3912883f2,2025-01-28T11:09:20Z,2025-01-28T18:09:20Z
347,d25bcacd-bb52-4c0d-90ae-d79df99edf55,2025-01-03T09:52:12Z,2025-01-03T17:52:12Z
348,0cdc7bdb-435f-494e-9f1b-c363849951f6,2025-02-08T01:39:11Z,2025-02-08T16:39:11Z
349,1ad5695d-b1df-4d8a-9a94-2ad4452bc7e1,2025-01-23T11:29:14Z,2025-01-23T13:29:14Z
350,83ae07c0-21f4-46b1-9cfa-019692f0b1bf,2025-02-17T11:58:15Z,2025-02-17T13:58:15Z
351,4f65b603-4afb-416d-b6fb-6c68286eaff4,2025-01-16T17:09:09Z,2025-01-17T08:09:09Z
352,60c6e76a-629a-4613-a767-e6e5e4127bb6,2025-02-12T08:37:43Z,2025-02-12T17:37:43Z
353,f62bd73f-cfe0-4dc9-8b21-f6378a2c3543,2025-03-14T15:02:49Z,2025-03-15T01:02:49Z
354,4d1f7a2e-7de1-4da7-ba69-1edb90d3e353,2025-03-04T17:54:45Z,2025-03-05T08:54:45Z
355,4cb1c8a5-ed50-4f0e-8f94-67a4b3271fe5,2025-03-17T01:44:57Z,2025-03-17T09:44:57Z
356,8739805f-244b-4983-b3e7-1eb05f104918,2025-02-13T10:19:26Z,2025-02-13T21:19:26Z
357,3c636f55-dea0-4d8e-bf68-129cf67ff16e,2025-03-14T19:17:12Z,2025-03-14T22:17:12Z
358,40755bdc-8fe0-477e-8742-0fc14b21ea43,2025-01-06T21:57:20Z,2025-01-07T11:57:20Z
359,225fb9dd-60d5-4551-a39d-44807a09b3d9,2025-03-12T01:48:57Z,2025-03-12T07:48:57Z
360,7a25a3a9-d630-4052-8f32-be761348049c,2025-03-12T13:59:05Z,2025-03-12T19:59:05Z
361,0a1cab76-f3b3-4030-837f-3c82c7464831,2025-01-18T18:41:35Z,2025-01-19T08:41:35Z
362,d6cf0b7c-7da9-4ad4-b3f0-40ed2bef492c,2025-02-02T13:59:57Z,2025-02-02T22:59:57Z
363,a4512298-875b-492e-a00b-fc5a17eef2b1,2025-01-27T02:39:44Z,2025-01-27T13:39:44Z
364,efb1760c-7807-4726-bcad-64a245734624,2025-01-16T02:55:36Z,2025-01-16T10:55:36Z
365,33ad9d93-6296-4815-90e2-4884e683f214,2025-03-04T00:45:50Z,2025-03-04T13:45:50Z
366,9debcb14-b534-408f-916e-fc240804c1c5,2025-01-28T13:41:10Z,2025-01-29T05:41:10Z
367,28320121-bece-408a-ab37-716fee5a9d06,2025-02-22T04:09:23Z,2025-02-22T16:09:23Z
368,9cd219b6-abd4-417c-8714-101fe106aecc,2025-03-06T11:36:58Z,2025-03-06T12:36:58Z
369,3832ada8-7b03-4c3d-bbc9-7591d5e66baa,2025-01-01T12:37:03Z,2025-01-01T16:37:03Z
370,909447bc-8ecd-4588-a3df-0a7689d1d6f0,2025-01-06T11:33:00Z,2025-01-06T20:33:00Z
371,09672c47-01bf-4d77-992b-080eef12eb4b,2025-03-06T01:45:05Z,2025-03-06T07:45:05Z
372,b4b3f7a1-5aff-40b3-bf61-da3779c2aaae,2025-01-05T16:11:58Z,2025-01-05T19:11:58Z
373,5d63d882-5473-460b-8ba9-d1b1781a1b4e,2025-01-25T22:38:43Z,2025-01-26T06:38:43Z
374,508224ef-0d40-44b7-ba81-2ba992b7444e,2025-01-03T11:14:15Z,2025-01-03T19:14:15Z
375,572896a8-b877-4858-ab8b-14a81b923079,2025-02-13T00:55:50Z,2025-02-13T04:55:50Z
376,ec001ca5-a8ed-42de-8b0b-11f2161bae29,2025-02-20T08:45:06Z,2025-02-20T15:45:06Z
377,b0d0a9f0-082d-4ab4-af64-47f3bc6a8fda,2025-03-01T12:26:46Z,2025-03-01T19:26:46Z
378,c24d174c-a006-44aa-a2d3-3563b3101eca,2025-02-11T05:02:47Z,2025-02-11T09:02:47Z
379,83a6c6eb-2ba1-49ca-958a-4aeb312eb787,2025-03-08T03:43:51Z,2025-03-08T13:43:51Z
380,ba64b10d-7524-43bc-a6a5-39eea444213b,2025-01-17T07:48:47Z,2025-01-17T15:48:47Z
381,8cc6f45d-df10-4863-8d19-562e3240f298,2025-03-11T00:31:41Z,2025-03-11T04:31:41Z
382,c57093a9-6fd5-42c1-a8f1-f2b162efa754,2025-03-04T00:11:07Z,2025-03-04T05:11:07Z
383,dd27a5a4-64a9-43af-8a8f-9afbfd48c8ea,2025-03-02T03:54:40Z,2025-03-02T04:54:40Z
384,9510f171-2f96-4ea2-a28d-7af910db9c5b,2025-01-09T19:19:14Z,2025-01-10T10:19:14Z
385,ad7ded89-510b-4867-9369-f2cbc7846792,2025-01-18T01:19:01Z,2025-01-18T02:19:01Z
386,1f1f45af-a4db-49bd-a35b-e0c640be9b5e,2025-02-14T08:44:35Z,2025-02-14T15:44:35Z
387,766d384c-f7c8-4c5e-8eb4-8e4dd1e1bf25,2025-03-12T20:33:47Z,2025-03-13T09:33:47Z
388,0ee13399-bb17-4d60-8637-1f44c2e69385,2025-01-17T11:56:01Z,2025-01-17T14:56:01Z
389,d4c917a7-45a1-4a12-a700-58be13029d32,2025-03-03T11:37:55Z,2025-03-03T16:37:55Z
390,24e69635-0bc3-41c0-8fa4-126ec939d4df,2025-02-07T23:29:39Z,2025-02-08T11:29:39Z
391,29cc8276-0609-45bc-9e7e-f60e023379ac,2025-01-01T06:19:23Z,2025-01-01T21:19:23Z
392,f14ca880-3bf9-4bd2-98cc-4f4333d6ebeb,2025-01-21T20:45:16Z,2025-01-22T08:45:16Z
393,5088835c-8bde-4786-ba9c-d149a1dad60f,2025-03-15T11:15:21Z,2025-03-15T20:15:21Z
394,0b635c9a-0644-4318-acc8-2d826500e4e7,2025-01-09T05:45:09Z,2025-01-09T20:45:09Z
395,3cd17b83-6acc-4cb1-9405-726a94d8faa5,2025-01-01T23:23:50Z,2025-01-02T13:23:50Z
396,f8d447cd-96f4-4ef6-a220-3a5a81bf5cd7,2025-03-18T10:57:59Z,2025-03-19T01:57:59Z
397,2bdf5ad3-6288-463d-ba10-e17ae4f88ab6,2025-02-16T02:57:26Z,2025-02-16T09:57:26Z
398,1f5d7084-575a-4a75-9fba-73a51b14d75b,2025-03-07T08:06:41Z,2025-03-07T10:06:41Z
399,8915850c-ce8c-492d-8589-3237ec7aabbb,2025-01-04T17:32:42Z,2025-01-05T08:32:42Z
400,d3958bad-e58a-4da4-8d29-82b69d257855,2025-02-04T03:20:40Z,2025-02-04T14:20:40Z
401,a1a90c8b-40ed-4e4e-b2f9-69cfb54b908f,2025-03-17T02:56:24Z,2025-03-17T06:56:24Z
402,94769e4a-bda6-4d52-8736-34251d8e93a5,2025-02-12T02:59:51Z,2025-02-12T03:59:51Z
403,5a98b213-a76b-4af1-8faa-43b25687b383,2025-03-04T15:30:48Z,2025-03-05T05:30:48Z
404,95f844be-4b7a-4137-8cff-15581b092911,2025-03-10T10:19:49Z,2025-03-11T01:19:49Z
405,65c6497e-03cc-4144-9994-64fa0e2254b9,2025-01-23T01:26:44Z,2025-01-23T05:26:44Z
406,9a986009-46de-4a8e-8a60-620716487839,2025-02-02T13:32:26Z,2025-02-03T02:32:26Z
407,8c910a47-c0bf-49f2-972f-00128757fa22,2025-01-04T11:57:52Z,2025-01-04T21:57:52Z
408,9a878aea-13ca-4c21-8ee5-669e1dc42270,2025-01-16T20:44:37Z,2025-01-17T12:44:37Z
409,b48e5a5f-a0c1-4f84-85c0-085ef3b24a44,2025-02-01T08:04:47Z,2025-02-01T20:04:47Z
410,152d0993-ad83-4871-ba5e-6095c6dc40b0,2025-01-04T15:12:19Z,2025-01-05T06:12:19Z
411,308acc98-aadc-413d-b4ea-36fb4376bdac,2025-02-05T04:40:24Z,2025-02-05T16:40:24Z
412,a3ad5eb1-895e-4a7e-b076-ff9f03183868,2025-03-07T00:44:22Z,2025-03-07T14:44:22Z
413,1510105f-ccc5-4f3d-aabe-a314e50a7933,2025-02-07T12:25:15Z,2025-02-07T20:25:15Z
414,350e57a2-3c7f-4858-bfc3-5598ca084f1f,2025-03-04T18:21:51Z,2025-03-04T22:21:51Z
415,dfcec3e9-18ef-4d5f-a5fa-831380a878a2,2025-01-28T05:33:42Z,2025-01-28T10:33:42Z
416,e25a8cb8-7fb0-4011-b023-901d945332e8,2025-02-13T09:50:37Z,2025-02-13T19:50:37Z
417,a935c3d1-d5cb-4682-9ea8-ca229aaf369a,2025-03-02T02:01:54Z,2025-03-02T15:01:54Z
418,d22403c8-b9ce-4304-b9ed-e9640cf5e531,2025-01-09T21:38:37Z,2025-01-10T03:38:37Z
419,ade2dc9d-693c-4b2a-a529-92b743655bc0,2025-03-14T13:35:31Z,2025-03-14T22:35:31Z
420,89326e11-0094-4905-8e89-a440337934e9,2025-03-16T05:47:04Z,2025-03-16T06:47:04Z
421,11930087-d180-4e3c-b495-9bd3dbc92200,2025-03-01T05:55:29Z,2025-03-01T17:55:29Z
422,673db05d-b64d-4a7c-8dee-d5966915d57b,2025-02-06T15:27:57Z,2025-02-07T05:27:57Z
423,67d6b94f-e74b-44de-b49c-acb1a50a8b0a,2025-03-07T05:49:29Z,2025-03-07T14:49:29Z
424,5c844893-ffb0-4c92-bf3c-90fa71bd6961,2025-01-19T23:22:00Z,2025-01-20T15:22:00Z
425,4e7c5548-8927-4171-9776-70db40211c18,2025-02-28T05:12:18Z,2025-02-28T15:12:18Z
426,577b3288-e5a6-4920-beae-bc43ea012673,2025-03-12T14:35:02Z,2025-03-12T18:35:02Z
427,151244c8-951f-49be-93f3-978f8b22fa90,2025-02-18T19:02:24Z,2025-02-19T11:02:24Z
428,7c17ff3e-68d5-4fc8-8e1f-433cf2a46ea1,2025-01-14T16:50:05Z,2025-01-15T04:50:05Z
429,144cf07e-23bd-4dbd-b481-6df5ef4c7a49,2025-02-17T23:26:50Z,2025-02-18T01:26:50Z
430,86003813-2057-4ec3-93de-70843cde9c27,2025-01-23T00:43:57Z,2025-01-23T01:43:57Z
431,4c7bf4c8-f93f-4503-a26f-beaf8a764c3e,2025-01-29T05:27:54Z,2025-01-29T06:27:54Z
432,3d601f4e-9601-44b2-b5d5-7e8cd16aef59,2025-03-10T14:49:54Z,2025-03-11T01:49:54Z
433,8a85019b-582c-4248-94b8-dd6f9a116334,2025-01-29T14:57:45Z,2025-01-29T16:57:45Z
434,b16cfa8c-7b31-48bd-8fa4-11f150d97b75,2025-01-11T12:27:32Z,2025-01-11T15:27:32Z
435,3ada202f-6e56-4693-8d82-3bbba66fce30,2025-01-09T17:14:55Z,2025-01-09T18:14:55Z
436,24a37d78-d464-4a35-91d1-5128991fe928,2025-02-19T00:31:06Z,2025-02-19T08:31:06Z
437,6e636d79-15aa-4540-9f8a-a78edede0ff2,2025-02-15T06:43:36Z,2025-02-15T13:43:36Z
438,a37a830e-598b-4b1f-8ac3-2d4e1142fd6c,2025-02-17T16:39:48Z,2025-02-17T19:39:48Z
439,5e3c45f6-2250-4292-8566-7b875f211571,2025-02-24T06:29:53Z,2025-02-24T21:29:53Z
440,6c75c773-6552-491b-b96e-d22ea4f86bc5,2025-01-06T10:30:00Z,2025-01-06T14:30:00Z
441,bbce6a86-ddd0-47db-91bc-802e84a80d4d,2025-02-09T03:04:25Z,2025-02-09T18:04:25Z
442,5e870d9f-f577-4e36-8edc-8b05e91f5adc,2025-03-08T04:55:25Z,2025-03-08T13:55:25Z
443,76c6cb6c-8047-4622-bffe-c752219151f9,2025-03-13T04:48:17Z,2025-03-13T10:48:17Z
444,d31fc8c6-62a0-4fbc-ad3d-2bf85eb06d4e,2025-01-12T19:11:41Z,2025-01-12T22:11:41Z
445,a75f8add-cfd1-4e7e-9b64-7f12f06e584e,2025-02-01T07:08:11Z,2025-02-01T10:08:11Z
446,cae4028b-9af3-4b36-b298-7b0a9bee150f,2025-01-17T13:29:15Z,2025-01-17T16:29:15Z
447,da3e38c7-8bda-4805-8347-e915b5ec92fe,2025-03-03T15:16:14Z,2025-03-03T23:16:14Z
448,3be89618-2be0-473c-872d-d526f807e5a4,2025-02-10T17:29:15Z,2025-02-10T20:29:15Z
449,099a1b2b-80a4-4e3c-b561-6754481c823c,2025-01-31T20:47:14Z,2025-01-31T23:47:14Z
450,952f8ed0-21d2-42ac-a91f-040422f767f1,2025-03-05T11:49:20Z,2025-03-05T18:49:20Z
451,fd79eaff-6699-4d7b-92c6-c4789a3b8a92,2025-01-22T14:22:00Z,2025-01-22T15:22:00Z
452,1bb7c03f-2d89-4517-a1ef-bbc418a3ad60,2025-02-16T20:03:16Z,2025-02-17T03:03:16Z
453,7f0ba105-99e3-4bf2-acf2-9a08421097fe,2025-03-03T15:26:04Z,2025-03-03T22:26:04Z
454,989ef4ed-ae73-458d-96e6-60ed96c2ba49,2025-03-03T09:04:51Z,2025-03-03T21:04:51Z
455,0f45941f-e0e3-48f6-afcf-8a3c06174775,2025-02-20T09:05:40Z,2025-02-20T10:05:40Z
456,5d5096fa-8103-4902-8b3d-8c24aecf39c3,2025-01-27T09:52:19Z,2025-01-27T17:52:19Z
457,45830038-c974-4c93-b50d-5dd55cc9eec2,2025-01-22T07:22:12Z,2025-01-22T10:22:12Z
458,ec9335e6-39cd-4cb6-88e6-253e2c794d71,2025-02-12T09:29:40Z,2025-02-12T10:29:40Z
459,629adc31-0053-4202-a743-fa927237e426,2025-02-10T17:23:01Z,2025-02-10T23:23:01Z
460,82196bca-e4de-4e2d-89ca-2d28ab5e666c,2025-01-03T16:00:32Z,2025-01-04T01:00:32Z
461,eae5285c-2f07-4569-a59e-3e56f5ad4dfc,2025-02-21T02:27:10Z,2025-02-21T05:27:10Z
462,ec77a09f-69fa-44f8-a05c-cb17218dfdbd,2025-02-12T18:10:41Z,2025-02-12T21:10:41Z
463,ce9371a6-c0d3-491e-9682-c29019a47c18,2025-02-15T13:40:09Z,2025-02-16T04:40:09Z
464,3b3688d2-b709-49ed-b9c7-ae12733371f6,2025-03-06T15:16:02Z,2025-03-07T01:16:02Z
465,842a63d3-fb2d-4990-abec-a438a4423e6a,2025-01-30T09:17:46Z,2025-01-30T20:17:46Z
466,b85eb112-0b3b-4e93-b7dd-d5f2e46430fa,2025-03-05T08:31:55Z,2025-03-05T20:31:55Z
467,b1372120-5e1d-4c9e-b0fd-63b780c8f2fd,2025-03-06T00:24:47Z,2025-03-06T16:24:47Z
468,8c2e4803-c00a-4d79-8b7a-3a959666da9a,2025-01-21T14:03:58Z,2025-01-22T06:03:58Z
469,ea5afe22-c7dc-486e-8523-dd424a73f515,2025-02-04T02:04:06Z,2025-02-04T04:04:06Z
470,b77202cb-ae3c-433c-bd99-0a1e25a231d7,2025-03-03T12:39:15Z,2025-03-04T00:39:15Z
471,7e4fc96f-b7d8-47e7-855a-87db1150e3f3,2025-01-17T17:39:46Z,2025-01-17T21:39:46Z
472,a72dc969-422d-4ded-958f-b36273a8c7ff,2025-03-03T22:54:14Z,2025-03-04T06:54:14Z
473,b5c29893-f3a8-4a27-8348-fb4c87d8c2fd,2025-01-04T04:06:22Z,2025-01-04T14:06:22Z
474,fa549636-f497-4fc2-adb3-1c5a612fb3c1,2025-03-02T21:45:14Z,2025-03-02T22:45:14Z
475,86412a81-4641-48a0-91f2-6985ae0aacbf,2025-01-07T19:59:32Z,2025-01-08T07:59:32Z
476,7c7244b0-32a3-40fc-a82f-7bd63df92a42,2025-02-08T06:18:49Z,2025-02-08T10:18:49Z
477,c2b30186-71ef-44b9-98c6-ab01ffe7ead0,2025-01-15T00:51:36Z,2025-01-15T11:51:36Z
478,06ee27f6-e427-46aa-9528-3e01d3a6d82a,2025-02-27T12:08:32Z,2025-02-27T21:08:32Z
479,9e190343-3a2b-408b-8437-ade124266702,2025-01-01T17:48:59Z,2025-01-02T06:48:59Z
480,00f504d1-91a0-429b-bceb-4425188ab406,2025-01-04T12:01:11Z,2025-01-05T01:01:11Z
481,893747b1-02fb-4296-a842-b684cdf77df4,2025-02-23T13:26:10Z,2025-02-23T20:26:10Z
482,48362d97-a259-4f94-abcf-66c158c48efd,2025-03-09T23:19:45Z,2025-03-10T04:19:45Z
483,d5fde6cb-e4c0-4a82-a739-d5e275287acb,2025-01-09T19:18:07Z,2025-01-10T00:18:07Z
484,e806f426-c949-46f6-b2f4-380b257d7e25,2025-01-30T19:17:34Z,2025-01-31T03:17:34Z
485,9fd04f27-af18-4876-9e30-110d0c2e9c11,2025-03-16T22:53:00Z,2025-03-17T08:53:00Z
486,c2b20916-3b55-4dcd-8d40-785b78883053,2025-03-08T20:34:47Z,2025-03-08T22:34:47Z
487,be6baae3-1e0e-4b61-bf3d-cc7acf0053b9,2025-02-25T12:41:59Z,2025-02-25T16:41:59Z
488,16709427-28af-42cb-adef-c3701f247c40,2025-01-12T13:25:22Z,2025-01-13T05:25:22Z
489,e279bebd-9d25-4566-af97-940baa5344d0,2025-03-03T23:21:31Z,2025-03-04T04:21:31Z
490,dd20caac-468f-4b29-9434-1aee05cb8716,2025-01-28T19:32:55Z,2025-01-29T09:32:55Z
491,210bc725-ecea-44ab-8566-c5a0a889f293,2025-01-11T00:35:10Z,2025-01-11T11:35:10Z
492,90c82dfe-f0f6-47e3-af3e-7d66b6e12fbd,2025-02-10T01:34:16Z,2025-02-10T02:34:16Z
493,ed050bde-1680-4d2f-beab-6d9b9666a5a8,2025-02-21T04:48:32Z,2025-02-21T18:48:32Z
494,315a1c76-03d2-48cb-96cb-92d00d600e8c,2025-03-01T06:00:34Z,2025-03-01T22:00:34Z
495,196edf70-0fdc-494e-a9d6-553b8b2aadd5,2025-02-12T08:01:57Z,2025-02-12T13:01:57Z
496,2efde208-e6b4-465a-976b-d4378ec312b9,2025-03-02T11:21:12Z,2025-03-02T12:21:12Z
497,abbe6cc8-fe96-488b-8448-c8bd8aec7ee0,2025-01-16T03:41:52Z,2025-01-16T13:41:52Z
498,ec012f54-e614-4c34-b79e-560f33e11623,2025-01-02T16:18:56Z,2025-01-03T05:18:56Z
499,1d60a0dd-5bab-4639-9526-932cf75ba5b6,2025-03-07T17:40:27Z,2025-03-07T19:40:27Z
500,3acd9535-d7a5-4971-a9b0-9150e0a3fa18,2025-03-12T00:08:49Z,2025-03-12T11:08:49Z
501,616fd28e-d79b-4e90-9742-110284902728,2025-01-28T21:05:54Z,2025-01-29T11:05:54Z
502,a7ab748a-4470-4eb4-ac22-87b36ebca43c,2025-01-20T18:47:46Z,2025-01-21T04:47:46Z
503,0c255a15-1cca-4118-a362-ccb0103694d8,2025-01-01T09:05:44Z,2025-01-01T20:05:44Z
504,5704930d-b36d-4752-9e99-9c8484d04b05,2025-03-14T12:51:15Z,2025-03-14T19:51:15Z
505,ff14549f-f317-423b-b33a-b5e4b70e7508,2025-03-14T14:41:12Z,2025-03-15T01:41:12Z
506,856b82b3-787c-4513-a2f4-285a65e1b135,2025-01-23T06:21:18Z,2025-01-23T14:21:18Z
507,d698b1f1-b3fc-4861-9bf1-6fb6a178ace2,2025-01-09T08:51:44Z,2025-01-09T11:51:44Z
508,7e37daa2-1324-441d-a8aa-c6f41008c709,2025-02-21T08:00:35Z,2025-02-21T23:00:35Z
509,d8d07e48-698d-409d-920a-e954be862cdc,2025-03-02T06:26:24Z,2025-03-02T10:26:24Z
510,fb9ca06d-d2df-463a-be97-29356bd5675d,2025-01-02T10:26:04Z,2025-01-02T21:26:04Z
511,82269571-3ac9-4e54-9794-00af986f8bf7,2025-01-04T17:16:19Z,2025-01-04T22:16:19Z
512,ef8e191a-0467-4f2a-a0f3-48907f20a204,2025-03-09T19:31:27Z,2025-03-09T23:31:27Z
513,76c5d8a8-f2d5-4186-bd49-a64f5c3bb61c,2025-02-16T09:04:07Z,2025-02-16T16:04:07Z
514,0c4cd8ce-9476-4fd5-9d2c-2d05032f848e,2025-02-06T02:05:26Z,2025-02-06T09:05:26Z
515,2bd2e146-7fb6-425c-8d8f-a14722a304b2,2025-01-01T05:32:25Z,2025-01-01T19:32:25Z
516,86a31ded-a178-42e9-a362-c6e90f769d49,2025-01-08T23:58:42Z,2025-01-09T12:58:42Z
517,4592d2be-f83b-467e-ac70-ff00a7cd6973,2025-02-04T10:48:15Z,2025-02-05T00:48:15Z
518,c84ecb03-c2b3-4a36-b2d2-598d8f918a14,2025-01-07T01:15:57Z,2025-01-07T08:15:57Z
519,6dde8bac-ee73-4db5-a329-49e4d825bd37,2025-01-01T16:22:18Z,2025-01-01T17:22:18Z
520,51b9aacc-ea43-451c-aa1f-9fac989b23d9,2025-01-25T14:35:20Z,2025-01-26T01:35:20Z
521,e8f58006-b8d6-4db9-892a-bd2ce5d3ca1d,2025-01-26T22:34:26Z,2025-01-27T02:34:26Z
522,4f06009f-9bbf-4f59-8e85-b40502936f49,2025-02-14T10:43:58Z,2025-02-14T18:43:58Z
523,30d120b3-7b3f-4250-8ee5-01050907a53d,2025-02-10T05:34:32Z,2025-02-10T17:34:32Z
524,a1daf6e7-a28e-4374-9f52-4f0fbac8422b,2025-02-05T19:04:28Z,2025-02-05T20:04:28Z
525,5c38f21a-d897-4be9-8215-3db789301106,2025-02-10T08:09:38Z,2025-02-10T15:09:38Z
526,a9d6c2a8-8455-4bc3-8bed-95c7d8838ffe,2025-01-22T13:28:41Z,2025-01-22T21:28:41Z
527,1a103602-e970-42d6-a46a-7199ae88d153,2025-02-04T06:49:21Z,2025-02-04T12:49:21Z
528,a7244984-ac1f-4103-b462-c6b80b8ee569,2025-03-04T01:50:57Z,2025-03-04T05:50:57Z
529,74a45dd6-ff3e-429d-b482-94be1dc44f5a,2025-03-09T07:39:38Z,2025-03-09T23:39:38Z
530,0bd41041-ab77-4791-921b-cc4862530643,2025-02-11T06:15:33Z,2025-02-11T07:15:33Z
531,1afab9b5-0b6e-43c1-afb7-6b68694a60fb,2025-01-14T11:21:20Z,2025-01-15T03:21:20Z
532,b91a2255-0df1-4981-b762-f0625efc8848,2025-01-22T04:14:56Z,2025-01-22T06:14:56Z
533,9aab85a5-3ba8-419c-801d-4aed38188eef,2025-02-20T21:31:13Z,2025-02-21T08:31:13Z
534,465e6a6c-1d5c-4c43-8dfa-659507091045,2025-02-02T12:55:00Z,2025-02-02T23:55:00Z
535,e0f830af-4b7d-4f1e-abb9-6f9922a9709e,2025-01-11T10:08:30Z,2025-01-11T19:08:30Z
536,a1f0e7a9-6d71-4a21-81aa-621ab0c223ff,2025-02-07T12:20:13Z,2025-02-07T20:20:13Z
537,c24a6f21-7f95-4a6b-9916-0a8e79dcf536,2025-02-03T15:49:24Z,2025-02-04T01:49:24Z
538,3270ec54-1552-4724-b778-90628793af52,2025-01-09T13:58:59Z,2025-01-09T21:58:59Z
539,e8676572-4ca7-4d15-b591-d6534c732096,2025-03-07T13:53:18Z,2025-03-07T17:53:18Z
540,fabc0e5e-6d70-432b-b8ea-bef12ea29940,2025-02-20T04:36:39Z,2025-02-20T20:36:39Z
541,530acc3a-dac7-4e54-b8c1-8bf6e64c17e3,2025-02-27T16:34:10Z,2025-02-28T02:34:10Z
542,4fa9d39b-127a-4773-acac-c8d2c3cc62d9,2025-02-11T03:53:47Z,2025-02-11T14:53:47Z
543,37d5ed7f-6e6d-4c03-98dc-8c439b338299,2025-03-10T18:33:48Z,2025-03-11T02:33:48Z
544,fd1a9dea-f025-4849-9d73-86c24236b10b,2025-01-11T01:03:10Z,2025-01-11T08:03:10Z
545,b6394d1f-4325-4bea-b08d-56e0ffe0a2d7,2025-02-25T14:57:08Z,2025-02-25T17:57:08Z
546,fa2f0d65-75d3-48a7-a9ee-7775d75ffb78,2025-01-13T19:36:18Z,2025-01-14T02:36:18Z
547,1cace218-1353-4c60-9dfb-d901132e9492,2025-01-02T01:23:25Z,2025-01-02T02:23:25Z
548,70bdc586-2697-4306-8c05-3c89aa38dc53,2025-02-22T00:24:26Z,2025-02-22T02:24:26Z
549,9d586235-2f4f-4786-9109-cd88194b2439,2025-01-18T15:48:31Z,2025-01-18T18:48:31Z
550,5204f2ee-b337-49a0-9269-02601b89e72f,2025-03-09T22:38:27Z,2025-03-10T07:38:27Z
551,46f854f0-2dc5-49da-9dce-154f236193fd,2025-02-08T04:38:22Z,2025-02-08T13:38:22Z
552,0214d5e5-cdcd-4b38-a248-62631c610401,2025-01-04T02:46:25Z,2025-01-04T12:46:25Z
553,9606d6d5-ef57-45ba-a2b4-92bc82783855,2025-02-18T01:21:11Z,2025-02-18T17:21:11Z
554,9cb04245-5990-4b85-a08f-16dd117d3015,2025-01-17T10:45:02Z,2025-01-17T16:45:02Z
555,097f6105-d0ab-4453-a553-a14b7860f209,2025-02-12T15:42:09Z,2025-02-12T21:42:09Z
556,e7ef92b4-073e-45c2-89a2-9ea6ef634245,2025-01-15T17:29:39Z,2025-01-16T07:29:39Z
557,4bda2884-07b5-4b81-8333-9da511924f59,2025-03-15T07:53:09Z,2025-03-15T09:53:09Z
558,d65ed09f-3992-49d2-9581-6c45dbf0222d,2025-03-04T06:33:25Z,2025-03-04T10:33:25Z
559,9007c954-8558-4804-b09d-c692d55d863c,2025-02-18T19:21:24Z,2025-02-19T02:21:24Z
560,65c4b70a-3bec-4df8-9b15-17368fb551b8,2025-01-05T17:04:17Z,2025-01-06T07:04:17Z
561,a67a985c-3309-40b8-9ecb-19101d8a2be1,2025-03-15T00:39:33Z,2025-03-15T16:39:33Z
562,afcf6f76-1e85-484b-a380-00ce8816ea71,2025-02-08T01:26:28Z,2025-02-08T11:26:28Z
563,f35736e3-e5cb-4774-9923-e0f9f997055a,2025-01-15T13:03:46Z,2025-01-15T19:03:46Z
564,a53a0171-649c-4bdc-9811-acb1a3a7f1cf,2025-01-21T15:20:53Z,2025-01-22T00:20:53Z
565,9affe965-e621-4c40-8c47-9260f09c21ed,2025-01-04T00:52:22Z,2025-01-04T03:52:22Z
566,b851f552-63f5-4965-803d-e41ae72a6dd3,2025-01-09T20:32:42Z,2025-01-10T02:32:42Z
567,1b6dcec8-f4b9-4a86-ad50-8d0a1d6ac20d,2025-01-19T09:07:29Z,2025-01-19T12:07:29Z
568,12b5f14a-dbf0-4ebf-9388-4c5e840b1d13,2025-03-03T01:09:06Z,2025-03-03T10:09:06Z
569,c4c144b0-ee24-4179-9ad0-3fed13d67fe3,2025-02-20T22:12:56Z,2025-02-21T02:12:56Z
570,fa992708-db1c-4647-b0e6-cb298abeba6f,2025-02-04T06:17:49Z,2025-02-04T10:17:49Z
571,d77d76ef-e882-4b77-8f95-107e8047c003,2025-02-20T15:36:43Z,2025-02-21T02:36:43Z
572,73562242-1cd3-42b5-95ee-05a6dc6806ab,2025-02-06T21:12:08Z,2025-02-07T00:12:08Z
573,4afc93e2-cbb9-4223-99de-88eb4e6cf2c9,2025-02-09T10:05:29Z,2025-02-09T13:05:29Z
574,901542e5-32ab-4a9e-83d8-7d331b1064f7,2025-02-11T09:42:25Z,2025-02-11T23:42:25Z
575,9f9919aa-a2f2-41ad-9333-45a06192ee07,2025-01-03T10:56:24Z,2025-01-03T20:56:24Z
576,e4bd35de-e5db-47e4-a8e2-11dc21f047e0,2025-03-05T21:39:51Z,2025-03-06T12:39:51Z
577,bafe64e6-cdec-48be-864f-e55daa9ca78c,2025-02-26T05:08:55Z,2025-02-26T11:08:55Z
578,f82bf6d9-cce9-428e-b47f-e0c773cdcb0b,2025-02-03T16:14:51Z,2025-02-04T03:14:51Z
579,9ad19891-425a-41c0-947e-a9fb24ccbee7,2025-02-28T06:04:31Z,2025-02-28T16:04:31Z
580,25b33a00-5f47-4a7d-8221-b1bfdff4fbbc,2025-03-10T03:42:30Z,2025-03-10T09:42:30Z
581,aa7250a3-a56c-47c7-84fd-881a8863e003,2025-02-12T03:11:12Z,2025-02-12T17:11:12Z
582,149f5172-19e4-4176-bde8-c480558cb23c,2025-01-20T15:08:43Z,2025-01-21T05:08:43Z
583,d1b773d3-a0ac-456c-9d53-a1c4a7cb24fb,2025-02-10T07:25:01Z,2025-02-10T19:25:01Z
584,de4a1013-a436-4544-89cc-8d770407630c,2025-02-07T05:25:53Z,2025-02-07T11:25:53Z
585,d530fa26-52ae-49b0-a64a-495282c1417b,2025-02-25T21:14:47Z,2025-02-26T10:14:47Z
586,59ca59e6-41b0-49a2-b7f5-8a19cba47524,2025-03-17T14:05:40Z,2025-03-17T18:05:40Z
587,3e43d400-7575-4901-b432-ea736be547e8,2025-03-15T21:36:36Z,2025-03-16T13:36:36Z
588,e9b50d6f-3835-43c7-a6e7-2090d901da18,2025-02-16T11:46:31Z,2025-02-17T02:46:31Z
589,8d35fdd6-1747-42f6-a293-c05326dd7cfb,2025-03-08T12:49:54Z,2025-03-08T18:49:54Z
590,6def39ec-e481-4428-860d-ff983cbda82e,2025-01-03T13:17:32Z,2025-01-04T03:17:32Z
591,8546ae6c-77f7-4deb-97ed-475f7d00196e,2025-01-22T09:48:50Z,2025-01-22T23:48:50Z
592,7aefd9a7-6d02-4b8e-ba64-5b47f51272b8,2025-02-19T22:10:31Z,2025-02-20T03:10:31Z
593,456e3cd0-656b-4faa-bf6b-7a5df5d061da,2025-01-22T23:03:45Z,2025-01-23T08:03:45Z
594,ac5e93e6-bbec-4531-bb16-82b2a7ae9d14,2025-01-12T14:24:02Z,2025-01-13T03:24:02Z
595,6e814c47-b7d7-4391-9b7e-b78fc52e7e3d,2025-02-17T16:45:26Z,2025-02-18T08:45:26Z
596,033d38e3-248d-47de-b158-765dbcf9dd40,2025-02-05T14:24:05Z,2025-02-05T18:24:05Z
597,22f9b1d7-cf34-45b0-8020-bbc8dd526c36,2025-01-25T18:24:14Z,2025-01-26T10:24:14Z
598,ace4c707-ab63-49f5-8151-d1cd0ce37625,2025-02-08T06:39:04Z,2025-02-08T09:39:04Z
599,1331622c-1bc5-45d5-9b91-b80216086e58,2025-01-20T15:02:09Z,2025-01-20T17:02:09Z
600,aba73645-d0e1-4f18-84bc-862e2deedfe8,2025-02-25T16:57:29Z,2025-02-26T08:57:29Z
601,c4c08182-e826-4b5f-8ded-dad16b31e311,2025-01-26T10:11:42Z,2025-01-26T12:11:42Z
602,d5ddc44b-0592-4d22-ac73-45aac3aa817b,2025-03-17T15:30:43Z,2025-03-18T01:30:43Z
603,af4d8e78-b577-4eeb-a568-4dc9bab61df2,2025-01-12T00:57:01Z,2025-01-12T03:57:01Z
604,d3b1399c-e2ce-4ffb-8903-80b819458048,2025-03-07T16:19:03Z,2025-03-08T04:19:03Z
605,c0d792ec-0416-437b-99a5-604e82e3fac5,2025-01-23T01:40:27Z,2025-01-23T05:40:27Z
606,40d19e1c-1780-49cc-b782-e96b6d14fec8,2025-01-22T10:08:12Z,2025-01-23T02:08:12Z
607,aed55d72-c5a7-4d9c-9ba1-db3bb57cd7b0,2025-01-08T08:32:23Z,2025-01-08T13:32:23Z
608,b27e15f0-0e37-436e-bdc6-cfbd2933fe3f,2025-02-13T22:28:30Z,2025-02-14T09:28:30Z
609,816c36eb-642e-49fd-b2c3-56140900a8c7,2025-01-23T01:40:46Z,2025-01-23T17:40:46Z
610,1eb083d6-bda5-4690-9525-cb008f9db6c1,2025-02-07T19:54:58Z,2025-02-08T04:54:58Z
611,3cd037d4-2dc8-4db7-b805-bd08301379a7,2025-03-06T17:02:02Z,2025-03-07T03:02:02Z
612,402702ca-09e8-45d4-a7b0-81a8309ebcfe,2025-01-13T05:50:29Z,2025-01-13T10:50:29Z
613,f4c4dd02-4351-40a1-a1cd-7b66dd2afbc8,2025-01-15T23:30:20Z,2025-01-16T06:30:20Z
614,e5039f91-6546-488c-95a5-490b4ab18448,2025-02-19T22:46:21Z,2025-02-20T10:46:21Z
615,b3bf9858-9acb-4349-9c24-6997eff7334a,2025-01-10T11:55:13Z,2025-01-10T15:55:13Z
616,7f20d533-b53c-457f-a7ff-d29adf32deba,2025-01-25T15:35:00Z,2025-01-25T23:35:00Z
617,3329d785-6cc2-4fb7-b5b3-951b73b19a8b,2025-01-08T09:19:34Z,2025-01-08T18:19:34Z
618,db3fd965-a0d2-46ac-8cf3-0114e5db55ef,2025-01-12T14:06:09Z,2025-01-12T17:06:09Z
619,452a4885-9d0c-4aea-913d-41d4a7ba2ff9,2025-01-20T06:51:19Z,2025-01-20T07:51:19Z
620,c89160cf-3433-4195-a9a0-6cbcdd0c8717,2025-03-10T09:30:16Z,2025-03-11T00:30:16Z
621,42e4813c-e30a-400d-b692-17c69bb85312,2025-02-18T03:23:09Z,2025-02-18T14:23:09Z
622,19549ba9-8e97-4c41-8fd2-5dc842c8b0bb,2025-02-21T12:52:30Z,2025-02-22T04:52:30Z
623,061b9575-19ba-4682-828b-122a6a5b70c9,2025-03-13T01:30:27Z,2025-03-13T09:30:27Z
624,74db838c-1cc8-4a07-a1f4-8b113b12fe2c,2025-03-03T11:09:20Z,2025-03-03T16:09:20Z
625,cda58975-1dbd-4571-97ed-7b9ad81e8e38,2025-02-18T01:03:36Z,2025-02-18T02:03:36Z
626,c382febd-eb9d-4198-9a32-3c0ad14b7b89,2025-01-24T03:00:38Z,2025-01-24T07:00:38Z
627,5756276a-0324-40c1-a402-6b855b7e162e,2025-02-07T21:49:23Z,2025-02-08T10:49:23Z
628,e1bd32c3-93a2-4136-9b32-a990b9f044d0,2025-02-21T08:05:07Z,2025-02-21T09:05:07Z
629,3a7359a2-8a75-4917-98a1-a5b365391b3d,2025-01-15T03:40:30Z,2025-01-15T08:40:30Z
630,3aa093b9-56d1-4db7-81cf-2b370c61a3cf,2025-03-01T16:19:25Z,2025-03-01T20:19:25Z
631,8568a29a-6e79-49ca-a36a-2b4715b881d1,2025-03-09T04:45:20Z,2025-03-09T08:45:20Z
632,a95ba916-c8de-455e-9d7b-c65fe5b9b2d7,2025-02-12T04:39:07Z,2025-02-12T19:39:07Z
633,fabd8e15-05a6-419a-8d52-1e9b6eb7de83,2025-02-21T11:00:23Z,2025-02-21T20:00:23Z
634,520fa990-91c9-4acf-a319-ad98df6a6d8e,2025-01-15T08:48:23Z,2025-01-15T14:48:23Z
635,f48711ec-7c4a-42ee-abcd-4f281b42b4f8,2025-02-18T08:28:20Z,2025-02-18T19:28:20Z
636,287648c7-bc37-4ad6-8a94-3472855b12e0,2025-02-27T15:11:20Z,2025-02-28T04:11:20Z
637,0812b259-acb3-4e30-aca6-aebfccca59fd,2025-01-12T17:30:43Z,2025-01-12T18:30:43Z
638,8eee3c05-f2b8-46e5-81c4-e475bf88cbcf,2025-01-03T10:26:15Z,2025-01-03T23:26:15Z
639,b3ed3d16-3d1d-41da-8389-74d3a7845ded,2025-03-10T08:06:08Z,2025-03-10T16:06:08Z
640,25c83d87-2d71-4c81-8202-078886703534,2025-01-21T15:50:22Z,2025-01-22T00:50:22Z
641,eb5ea57a-cb27-4a85-9dcf-e7a56a0b1aa3,2025-01-01T21:08:11Z,2025-01-02T10:08:11Z
642,978e45a3-04a6-4d52-a8b2-d56e7c889d1d,2025-02-21T08:24:29Z,2025-02-21T18:24:29Z
643,e0d6ade9-80c4-41a0-b799-45b9e7fb94eb,2025-02-22T08:09:56Z,2025-02-22T09:09:56Z
644,f7d2c0bb-ae07-46a7-a831-c14a6d34b1e6,2025-03-04T23:35:56Z,2025-03-05T03:35:56Z
645,250c4b15-d92b-40db-b03a-75bec48e8fac,2025-03-11T12:08:06Z,2025-03-12T04:08:06Z
646,34ffafcc-aea6-4529-a379-ca39e9c7ef41,2025-03-06T06:34:19Z,2025-03-06T15:34:19Z
647,2702424e-0458-418f-8930-8a4f7343fe9b,2025-01-26T00:32:05Z,2025-01-26T05:32:05Z
648,72ab1f9a-eb04-48be-b529-6bf7dc85aefe,2025-03-07T08:51:46Z,2025-03-07T16:51:46Z
649,3bb31eb7-ee5e-402f-aee1-e59e6f216800,2025-03-14T15:10:50Z,2025-03-14T20:10:50Z
650,c0cfd3ad-8cdd-4f3b-bf04-d7157cec9cbb,2025-03-15T15:02:36Z,2025-03-15T18:02:36Z
651,96b2b09b-9c46-4517-9fbb-1d25b2a6b9d6,2025-01-17T14:58:52Z,2025-01-17T21:58:52Z
652,207b12cd-216f-480b-b672-66a80688f3ee,2025-03-13T12:23:22Z,2025-03-13T13:23:22Z
653,11641a99-66a8-41f9-b6c3-6539fe354b88,2025-01-08T19:18:28Z,2025-01-09T03:18:28Z
654,a9704025-9c96-4cd3-82e2-89985c8173ce,2025-01-21T01:17:33Z,2025-01-21T15:17:33Z
655,04bc2eef-61dc-4583-8011-caed9efc3b58,2025-03-08T19:43:58Z,2025-03-09T06:43:58Z
656,a4784d45-d9a4-43c9-96b3-3b1b875f0b37,2025-01-08T18:07:55Z,2025-01-09T10:07:55Z
657,a77467ac-a3ad-4379-8cc8-e4655ad6578b,2025-02-14T15:45:45Z,2025-02-14T16:45:45Z
658,8db1292a-96eb-4f27-b12b-cad606a0fd81,2025-02-26T23:46:01Z,2025-02-27T09:46:01Z
659,b1bc8df8-c074-4e4d-9bbb-5270d4617ccc,2025-03-18T00:33:07Z,2025-03-18T15:33:07Z
660,703608c4-3367-408e-b0ad-72d1551382f4,2025-01-12T08:34:32Z,2025-01-12T22:34:32Z
661,cac5b4db-9e87-431c-9667-b1a218435a3f,2025-01-09T21:00:16Z,2025-01-09T22:00:16Z
662,4ace9cfa-eae3-4883-8aaf-cb611ed0f206,2025-02-15T07:35:39Z,2025-02-15T20:35:39Z
663,f53495bb-9b26-4043-97bd-163f1b605fe8,2025-01-30T16:10:45Z,2025-01-30T23:10:45Z
664,0d6d9670-2436-4259-91d9-494193f0ba96,2025-02-13T11:50:41Z,2025-02-14T00:50:41Z
665,1c1b1592-a430-492a-b12d-3c70ef55af42,2025-03-08T02:29:35Z,2025-03-08T17:29:35Z
666,c919eff3-88b2-4fe0-9741-8e1ceea91fbe,2025-01-21T20:08:13Z,2025-01-22T00:08:13Z
667,9f986240-97a7-4e25-8326-99a3dcbadb61,2025-03-09T01:51:31Z,2025-03-09T13:51:31Z
668,68838fd3-0799-40b4-b23b-b2262d17433d,2025-02-16T02:04:07Z,2025-02-16T08:04:07Z
669,6e9206a3-e30e-4641-922d-13ac829ae9e8,2025-01-30T16:38:14Z,2025-01-31T04:38:14Z
670,f69d50bc-769d-4a9a-9300-151c96cc9770,2025-02-17T18:38:57Z,2025-02-18T00:38:57Z
671,e388bf55-d663-4cee-97ee-e0dde101feb7,2025-01-21T11:35:51Z,2025-01-21T23:35:51Z
672,f22de320-ebbb-49ed-a96a-c9cfb6ec379a,2025-03-17T17:14:59Z,2025-03-18T08:14:59Z
673,a1b718d9-5f29-4496-acec-e72ffc19d07a,2025-03-17T06:18:34Z,2025-03-17T07:18:34Z
674,74c05ec6-6b9a-4a38-ad1d-33fdc1a18173,2025-01-25T00:26:14Z,2025-01-25T15:26:14Z
675,1083f6cd-80ea-442d-9552-7b21d5c3d944,2025-02-06T12:15:57Z,2025-02-06T14:15:57Z
676,39f62be0-eded-46f5-864a-211ce3ad7879,2025-01-13T18:54:20Z,2025-01-13T19:54:20Z
677,b20fd2c4-2036-4c27-a5ac-021123b0d9e1,2025-03-04T18:09:32Z,2025-03-05T01:09:32Z
678,aa8f8ca0-027e-473f-8a7b-d59f66d4433d,2025-02-12T00:10:53Z,2025-02-12T01:10:53Z
679,461b910b-561c-4b5b-ba55-692864b30df4,2025-02-07T08:53:28Z,2025-02-07T18:53:28Z
680,d11f17b7-75a3-4ad9-8f11-b542e477ef7f,2025-03-04T23:21:40Z,2025-03-05T10:21:40Z
681,18e7aa1c-087a-4597-800d-cb32fe789e7a,2025-02-20T14:59:30Z,2025-02-20T15:59:30Z
682,00e77747-19d9-4b44-b06a-9b220028f926,2025-02-15T03:20:24Z,2025-02-15T04:20:24Z
683,2223a05f-7107-46da-a70e-7e1e52779ac3,2025-02-04T14:44:58Z,2025-02-04T22:44:58Z
684,153e6c2e-dc90-4033-9a3b-302471d96d55,2025-01-06T19:55:05Z,2025-01-07T03:55:05Z
685,e5b9cf23-9a46-4b8e-a24d-ef48814e122e,2025-02-25T13:38:20Z,2025-02-25T18:38:20Z
686,aebbcf41-2c2a-4dad-85b2-bcc3afd8c776,2025-01-27T10:27:08Z,2025-01-28T00:27:08Z
687,4299e9fe-4d68-4f59-8083-87f1a80e4360,2025-01-17T13:50:33Z,2025-01-17T14:50:33Z
688,5db102f5-560c-40f3-9b3b-e03e2d0f460e,2025-01-13T22:11:56Z,2025-01-14T13:11:56Z
689,2c6bba40-7229-4055-b86b-c5bdcf10bed1,2025-03-10T04:09:17Z,2025-03-10T05:09:17Z
690,6abea672-c35b-497a-b958-5258ee6b4682,2025-01-07T06:46:19Z,2025-01-07T18:46:19Z
691,5725717c-fef9-43cb-9f0d-1a5da76401dc,2025-02-01T04:38:48Z,2025-02-01T15:38:48Z
692,7b04610e-8e40-425d-82f5-92d0f48d06f0,2025-01-05T08:39:20Z,2025-01-05T15:39:20Z
693,9513a38e-29b9-4c26-9418-d239f7b2cad3,2025-02-16T13:15:37Z,2025-02-16T19:15:37Z
694,1a9b3a63-e573-4c93-839e-e1223992a833,2025-01-15T20:16:04Z,2025-01-16T12:16:04Z
695,7cfbc020-58a2-4c7f-80c0-ec95d234bee2,2025-02-03T17:24:38Z,2025-02-03T20:24:38Z
696,bf05d6bd-ffe9-4a20-b637-10dd7d540456,2025-01-26T00:54:27Z,2025-01-26T09:54:27Z
697,25e3cabc-108b-489a-9c52-bc86637bd166,2025-01-27T00:29:14Z,2025-01-27T08:29:14Z
698,94ee1a7e-34d8-44d1-a46f-a237df8a1375,2025-03-01T03:18:02Z,2025-03-01T07:18:02Z
699,dc6b89e9-068e-4ae8-90e5-bb81cdb0c80e,2025-01-02T18:45:50Z,2025-01-02T20:45:50Z
700,9bb85000-9c7c-41c8-a5fc-967f2b644127,2025-01-26T14:00:20Z,2025-01-26T21:00:20Z
701,374abc91-5fb9-4d7e-834e-da449c1ae60c,2025-02-16T17:23:08Z,2025-02-17T09:23:08Z
702,a24795f5-5daa-4c70-9575-964221a8de8e,2025-01-24T10:29:09Z,2025-01-24T16:29:09Z
703,189c9b0d-1eae-4f63-a271-9f276f5848ff,2025-02-16T19:16:04Z,2025-02-17T10:16:04Z
704,f9f1838d-75f2-4659-9438-8ceefa1e8cc2,2025-01-09T20:18:56Z,2025-01-10T05:18:56Z
705,dcea3d8a-76a8-4cc8-9aba-69355238a877,2025-03-12T19:16:08Z,2025-03-13T05:16:08Z
706,511309c0-9db4-460a-b310-d60a2f956fca,2025-03-05T07:17:02Z,2025-03-05T09:17:02Z
707,928f8d8e-4fe6-4fc3-95e3-99710308cfc4,2025-02-14T09:53:06Z,2025-02-14T17:53:06Z
708,400e1e23-f030-493f-876a-33991f928667,2025-01-18T19:48:41Z,2025-01-18T22:48:41Z
709,67fc6cb1-029c-454e-825f-53a2062790bc,2025-02-27T05:20:18Z,2025-02-27T13:20:18Z
710,46a9adf4-fd3a-4a64-931c-58da58666d58,2025-01-08T10:02:24Z,2025-01-09T02:02:24Z
711,47612429-7001-4497-909b-0aa07dd8854d,2025-02-04T21:23:23Z,2025-02-05T10:23:23Z
712,029cae38-55b7-4b5b-9555-cd660c1b5432,2025-02-21T12:45:35Z,2025-02-22T00:45:35Z
713,5061f9e0-4416-4d87-acbe-72906c895b4f,2025-01-03T12:28:06Z,2025-01-03T17:28:06Z
714,278ae9c3-fe78-41a5-91db-0d1204689199,2025-02-20T18:40:19Z,2025-02-20T21:40:19Z
715,79adafea-1b34-4ecf-a17f-fe80bfed00c9,2025-01-05T03:15:37Z,2025-01-05T06:15:37Z
716,0ccfe1ee-ad46-4d78-b044-6d3c4b1641fc,2025-01-22T08:24:21Z,2025-01-22T12:24:21Z
717,2e1b2223-99a5-4d21-a919-ac6fe6b102ea,2025-01-04T21:55:10Z,2025-01-05T10:55:10Z
718,39f64171-3da6-4564-b210-cd3e30bd65e1,2025-03-01T06:07:28Z,2025-03-01T19:07:28Z
719,9815dc34-45ae-48f0-a857-32c6c57a6edf,2025-01-19T02:21:35Z,2025-01-19T05:21:35Z
720,0d69fce4-8625-41e7-9010-201f22e4a86c,2025-03-06T01:24:15Z,2025-03-06T14:24:15Z
721,38c68a9c-6570-4a3e-b81e-2e2ffbf263a0,2025-01-22T17:57:25Z,2025-01-23T07:57:25Z
722,e5c40b38-b238-44f1-a33b-a6e994a3d67c,2025-01-15T21:10:15Z,2025-01-16T02:10:15Z
723,3613110d-685c-44ea-a75a-edde8d4d8548,2025-02-07T16:41:22Z,2025-02-08T04:41:22Z
724,40b2fa04-822c-4780-ab24-e9e0973051b9,2025-01-22T09:28:14Z,2025-01-22T15:28:14Z
725,5fcf9fa3-2988-43e6-800b-804c76be0ea3,2025-01-31T07:50:34Z,2025-01-31T09:50:34Z
726,d208a00a-2dab-4973-9c23-a0653ba7b605,2025-02-18T10:49:01Z,2025-02-18T23:49:01Z
727,aec2d39b-e548-4fbc-91fc-38af0dc3eed7,2025-01-20T04:13:47Z,2025-01-20T20:13:47Z
728,85a995e9-bde8-447f-ba2c-8ceb62b0daa4,2025-01-20T12:39:40Z,2025-01-20T23:39:40Z
729,06e14191-341b-410d-95f9-7858b70f930e,2025-02-18T00:49:12Z,2025-02-18T04:49:12Z
730,dd55d4fe-96f3-4003-94d6-d0d54f67f1f4,2025-02-12T09:36:15Z,2025-02-12T20:36:15Z
731,27b98437-fc6e-4ed2-b6e1-da11d5a519a0,2025-02-19T23:40:31Z,2025-02-20T11:40:31Z
732,6c3aa694-230d-4a73-b4fe-a9cbfeee7ceb,2025-03-09T05:43:52Z,2025-03-09T13:43:52Z
733,a106ccbb-8828-4a7f-8263-9f1c6bac4052,2025-01-20T21:19:20Z,2025-01-21T00:19:20Z
734,33520114-ee71-4201-a647-03724c94f94e,2025-01-29T14:34:45Z,2025-01-30T06:34:45Z
735,295c4dec-1a69-49ea-a03e-2838bf933f01,2025-03-09T20:05:09Z,2025-03-09T23:05:09Z
736,ac961d77-7e2d-4d0d-8105-b884775bc5e5,2025-02-24T18:39:20Z,2025-02-25T09:39:20Z
737,5d8e3670-d858-4f62-97e8-29839267040a,2025-01-31T02:05:20Z,2025-01-31T06:05:20Z
738,df9b15f4-f85f-42d9-9c6b-7d93e9c9eda2,2025-01-04T08:37:19Z,2025-01-04T22:37:19Z
739,91c6071d-c7ba-4fa6-8163-4dbf31a3ae16,2025-01-25T18:19:59Z,2025-01-26T08:19:59Z
740,5e7ac1b6-a128-4be9-bf62-9e6fba0eb85b,2025-02-10T06:03:20Z,2025-02-10T18:03:20Z
741,eb1a856e-68d0-40e4-9c26-cd302e8eec5d,2025-01-28T03:12:36Z,2025-01-28T17:12:36Z
742,9f997746-345b-4fb6-8599-eab988a53b53,2025-01-02T02:45:13Z,2025-01-02T16:45:13Z
743,bc1e1bc9-dbc9-4b1c-a8f2-71b4aa274bed,2025-03-16T17:41:35Z,2025-03-17T06:41:35Z
744,82ea9c7c-b99b-4d4f-8aed-35bb5403de32,2025-02-20T19:53:09Z,2025-02-20T21:53:09Z
745,660f0fc9-eb5d-4221-ad10-8d143effd0e5,2025-03-06T10:01:32Z,2025-03-06T18:01:32Z
746,f5e3be00-9155-450a-a236-e44a4bdc9324,2025-02-22T06:02:25Z,2025-02-22T20:02:25Z
747,ede4ee2a-2c7a-4940-94a5-43988d7a1ae6,2025-02-19T22:13:19Z,2025-02-20T12:13:19Z
748,fd3e36d7-a665-41a4-830f-885c93c0d0cc,2025-02-18T21:51:20Z,2025-02-19T09:51:20Z
749,23a17344-2d36-4c8e-8994-6e2eafa155bb,2025-01-29T10:23:06Z,2025-01-29T14:23:06Z
750,c16e1f1c-eb0d-4076-8c5b-d2c5e13b61c5,2025-02-24T14:53:47Z,2025-02-25T04:53:47Z
751,6d787d41-6cbf-47c7-9c15-8c13bb684383,2025-01-10T11:13:25Z,2025-01-11T01:13:25Z
752,0e68dc24-9872-4b22-bad3-0266b93661cc,2025-01-02T23:40:37Z,2025-01-03T02:40:37Z
753,70aa9c39-761e-4d0a-91f6-444921e1b705,2025-02-10T07:21:50Z,2025-02-10T21:21:50Z
754,ed09ff17-28e4-4a9f-b727-549ba8f749a7,2025-01-05T08:05:51Z,2025-01-05T09:05:51Z
755,3c06647c-1fcb-4cb1-9bd9-763723c1f155,2025-01-08T15:19:44Z,2025-01-08T18:19:44Z
756,2088c139-c8ae-4f6a-9747-02329d36ecb5,2025-01-02T22:50:40Z,2025-01-03T05:50:40Z
757,805942a1-3869-4e0d-9c1f-5b6349e284c6,2025-02-06T19:22:47Z,2025-02-07T10:22:47Z
758,e4562ee7-3d77-44c0-b003-03dae0096169,2025-02-26T12:40:57Z,2025-02-27T02:40:57Z
759,0dae2ca8-2445-4a1d-87c2-1ace7a27c345,2025-02-19T07:39:05Z,2025-02-19T11:39:05Z
760,d04c74e7-b32a-4e27-a0d3-620be9586488,2025-03-07T04:50:28Z,2025-03-07T14:50:28Z
761,d43bc05a-8e4c-483b-a7a1-75e06f5275b9,2025-03-10T16:11:49Z,2025-03-11T03:11:49Z
762,f4f64b1d-2c30-4d0b-b26a-9c097acdc549,2025-01-31T14:08:10Z,2025-01-31T16:08:10Z
763,c3a50548-7864-492e-9a98-b12093c60305,2025-01-03T01:16:48Z,2025-01-03T16:16:48Z
764,0f7be1cd-8cde-400b-ad84-0573a5ad2eeb,2025-01-24T22:19:53Z,2025-01-25T11:19:53Z
765,9d0c77d0-66bd-4153-b71a-13671c05e7a8,2025-02-07T15:02:03Z,2025-02-08T07:02:03Z
766,05c6b62c-6374-4237-8e53-2f7985c28d18,2025-02-22T09:57:19Z,2025-02-22T22:57:19Z
767,587e2ce0-930f-4808-886a-2d0c52dfcb87,2025-03-05T17:38:54Z,2025-03-05T20:38:54Z
768,7faea37d-1397-49ff-af5e-94a049666f1b,2025-01-25T17:08:00Z,2025-01-26T06:08:00Z
769,03869dab-fe8f-4b38-adce-48e7aaf936d1,2025-02-19T14:45:28Z,2025-02-19T19:45:28Z
770,d0407ce7-cc6c-43aa-b268-adc625d18921,2025-01-29T17:36:12Z,2025-01-29T21:36:12Z
771,5f80933e-742b-4882-8b25-b4ff4de48a45,2025-02-24T12:47:56Z,2025-02-24T16:47:56Z
772,42630e87-8aec-4f8e-b4cc-5dc84570bdf2,2025-01-04T18:07:22Z,2025-01-04T20:07:22Z
773,72794c6c-4143-4169-b6fe-020f6f167fa1,2025-02-22T10:02:07Z,2025-02-22T23:02:07Z
774,7a9f5023-61bb-442c-8f68-d89df74f682a,2025-03-16T18:00:06Z,2025-03-17T02:00:06Z
775,bd279257-c33c-4a4c-984d-9e25f9625bc2,2025-02-06T07:03:04Z,2025-02-06T15:03:04Z
776,2ea49358-d4fe-4f12-850b-be06a635215a,2025-03-06T00:28:42Z,2025-03-06T07:28:42Z
777,6cbdb248-8e58-4a30-9019-c16c7339cc58,2025-03-17T10:31:30Z,2025-03-17T22:31:30Z
778,12f61d18-1715-4cdb-b39b-df5958b1e058,2025-02-21T02:19:25Z,2025-02-21T14:19:25Z
779,3a33397c-ddfd-4ae0-afdb-c1a845d10d6c,2025-03-07T03:59:56Z,2025-03-07T04:59:56Z
780,2ae944c0-7ba1-4920-90e2-7d4509220f8b,2025-02-18T03:59:22Z,2025-02-18T18:59:22Z
781,63df2221-3c9c-46a5-8437-c67f137f5d9a,2025-01-11T06:10:20Z,2025-01-11T16:10:20Z
782,d8ac3fcf-a4df-4b9e-ab40-27d7a8ce3a1b,2025-02-15T17:03:43Z,2025-02-16T09:03:43Z
783,89a63d19-8172-44d7-9c07-dfa2ceaf4275,2025-03-13T11:54:59Z,2025-03-13T12:54:59Z
784,eb79c527-88a1-4840-8b72-03e654a40799,2025-01-23T08:13:20Z,2025-01-23T12:13:20Z
785,afd3ddee-adc3-4311-b357-949d73326f81,2025-02-14T19:29:59Z,2025-02-15T08:29:59Z
786,760d01c9-ebc4-4a8a-a0b1-c47c76e2a71d,2025-03-11T00:47:44Z,2025-03-11T07:47:44Z
787,35c33956-e237-45bb-ad61-a367e249585f,2025-01-23T03:56:15Z,2025-01-23T05:56:15Z
788,5b777079-ec0d-4cd1-85f3-eda224e7b84b,2025-03-02T05:59:25Z,2025-03-02T18:59:25Z
789,3de2e4eb-4204-41fe-b500-2a904c10f0b3,2025-01-20T09:17:42Z,2025-01-20T15:17:42Z
790,ee02f403-05cb-42cf-8962-06f98fd4e15b,2025-01-27T12:30:04Z,2025-01-27T19:30:04Z
791,619e2661-a647-4023-80d6-78d8c68d9def,2025-03-05T06:01:42Z,2025-03-05T19:01:42Z
792,2815ddf1-1ae3-4deb-83cc-2dc57f66d90b,2025-01-10T14:53:03Z,2025-01-10T20:53:03Z
793,4e0a8774-de11-4ff9-905a-cf1ae36eb7eb,2025-01-26T01:30:15Z,2025-01-26T17:30:15Z
794,473e7574-d244-4b08-90b1-96ab747e4c24,2025-01-10T06:52:43Z,2025-01-10T11:52:43Z
795,ac308668-220d-4e7d-b8af-abff4a09c440,2025-02-13T12:39:03Z,2025-02-13T17:39:03Z
796,00b4c933-84f1-41b0-b0a9-e373ad5e18e5,2025-02-04T08:10:38Z,2025-02-04T23:10:38Z
797,18b830a2-a9c1-45fc-a5a0-b35f5b930a8a,2025-03-17T21:10:32Z,2025-03-18T03:10:32Z
798,f98b3cce-ecb2-42d9-90e7-63030809864f,2025-03-07T13:19:54Z,2025-03-07T22:19:54Z
799,c31e95c8-60c7-4754-a9c4-2ed3fdbfb84e,2025-02-13T08:44:00Z,2025-02-13T12:44:00Z
800,46b88358-8d6d-4257-ba81-ba98fde922b8,2025-01-19T18:02:04Z,2025-01-20T00:02:04Z
801,ced24606-b5c4-4125-8284-afdd7b490e3c,2025-02-25T16:44:10Z,2025-02-25T21:44:10Z
802,0d31342a-6d19-4032-8e85-acc892c38cb0,2025-01-13T17:31:55Z,2025-01-14T06:31:55Z
803,5e764ab7-71eb-4d9e-a362-a9c66d427919,2025-01-29T22:23:24Z,2025-01-30T12:23:24Z
804,def441e0-a987-40a8-b0bb-4f694c7fd311,2025-02-21T04:43:45Z,2025-02-21T06:43:45Z
805,09900499-2f93-43d6-b870-07b70f3fe7e7,2025-02-16T20:20:38Z,2025-02-17T11:20:38Z
806,46783eb0-2f95-402c-be23-ae6eb0558874,2025-01-11T02:32:26Z,2025-01-11T11:32:26Z
807,e142d306-fd28-4142-b9b7-4209f2c9a8a8,2025-03-08T03:42:48Z,2025-03-08T12:42:48Z
808,d4783180-b617-413d-9c87-ed268f5b44d5,2025-01-31T23:14:30Z,2025-02-01T05:14:30Z
809,856fe0c0-e412-453d-abba-dc22390b37d0,2025-03-01T16:47:34Z,2025-03-01T20:47:34Z
810,b5dff290-2f45-4711-b02f-f35a3e8016f5,2025-03-12T01:49:23Z,2025-03-12T13:49:23Z
811,cd29a32c-2d2f-479d-acd4-3094b0eb27cf,2025-02-11T16:41:09Z,2025-02-12T01:41:09Z
812,a6384453-f78a-4a71-8985-85bf217d392b,2025-02-17T08:11:56Z,2025-02-17T15:11:56Z
813,a7e8f064-59b2-4c29-99ed-434b7c73977b,2025-01-29T21:05:10Z,2025-01-30T02:05:10Z
814,1d1475c6-ad41-4438-933a-096f4b04887f,2025-01-03T09:32:06Z,2025-01-03T20:32:06Z
815,1ba37cde-4486-490d-9a46-2d6c7971897e,2025-01-15T23:31:25Z,2025-01-16T14:31:25Z
816,3f8295bc-83a0-4450-b9fd-502e8f94baaa,2025-03-05T17:05:21Z,2025-03-06T08:05:21Z
817,946d72f3-9df6-40af-b34a-91d9d60b1576,2025-01-15T05:25:47Z,2025-01-15T07:25:47Z
818,cb53f9ac-e852-4ec3-91f3-565e5989f09c,2025-01-14T20:44:38Z,2025-01-15T02:44:38Z
819,e41c50bc-2d4d-4915-b278-653a7aae9320,2025-03-14T17:31:48Z,2025-03-14T20:31:48Z
820,d2b2b5c2-0ea7-4174-a87c-4604db7f0d00,2025-01-31T21:49:28Z,2025-02-01T00:49:28Z
821,9e65d782-439c-438a-95d4-5e444b44f542,2025-01-03T05:31:23Z,2025-01-03T21:31:23Z
822,53a0e915-7c0c-45f4-a69d-7d17c32995ae,2025-02-27T03:29:57Z,2025-02-27T16:29:57Z
823,a1525376-3e86-4e64-8fec-2945d0be9450,2025-02-06T11:36:48Z,2025-02-06T18:36:48Z
824,96204d63-8146-4731-b1a6-324ecd5c7eaf,2025-01-15T14:38:36Z,2025-01-15T20:38:36Z
825,0765c533-5d25-4d0d-862d-60fae4dc4dae,2025-02-18T18:38:05Z,2025-02-19T02:38:05Z
826,bff7a199-6a5c-48e3-a516-4a19f9ff611a,2025-01-30T12:06:57Z,2025-01-30T16:06:57Z
827,b49393fe-fe3c-43c6-afe6-8c1f4571a445,2025-03-06T02:06:01Z,2025-03-06T15:06:01Z
828,724b2d0e-8efe-4b3f-a6e3-a7f2ff9af92c,2025-03-06T13:40:11Z,2025-03-06T21:40:11Z
829,ad4b22b8-4867-4e09-913a-515de2e0a645,2025-01-12T18:44:46Z,2025-01-13T03:44:46Z
830,7ffbf162-8f45-44b7-947b-a3811878090c,2025-03-18T23:43:00Z,2025-03-19T14:43:00Z
831,0c70818e-9a82-43b0-a248-8cb9125409f9,2025-02-28T19:04:30Z,2025-02-28T23:04:30Z
832,b1435c94-4f3e-4dba-9274-4d6d28926049,2025-02-09T02:30:12Z,2025-02-09T17:30:12Z
833,c4ac1901-5d7c-4d1b-a93d-884ff6c557d8,2025-02-22T22:05:31Z,2025-02-23T00:05:31Z
834,25ea7edf-f8df-425f-b69e-1ba1d1e5c344,2025-03-15T18:47:37Z,2025-03-16T04:47:37Z
835,62058bf2-f3e4-4628-8adc-5e7ce1143740,2025-03-03T09:56:00Z,2025-03-04T00:56:00Z
836,156770bb-886e-47c0-80e0-32612cb49e84,2025-01-30T06:18:35Z,2025-01-30T17:18:35Z
837,33096d20-b284-4fcf-86dc-e8247cca1d98,2025-02-03T23:29:58Z,2025-02-04T10:29:58Z
838,ebca514e-e3c1-428a-b57d-d465c3686580,2025-01-01T22:55:27Z,2025-01-02T00:55:27Z
839,9a1e3daf-cf23-449c-a160-c7876ce0d46b,2025-01-27T19:29:41Z,2025-01-28T06:29:41Z
840,0ae55bc8-bcd5-4edc-98ab-4c42f1449196,2025-02-22T10:23:41Z,2025-02-22T23:23:41Z
841,58ed5090-b2fe-458f-8c0c-7e335ef4c887,2025-02-10T09:44:10Z,2025-02-10T10:44:10Z
842,762b751e-ef58-4e01-abc2-f2f02c383949,2025-02-05T00:26:56Z,2025-02-05T05:26:56Z
843,53fa8656-dd2f-4c75-b317-3f324f605522,2025-02-10T07:28:18Z,2025-02-10T20:28:18Z
844,d80c7e0d-5e3d-4c42-8524-7f4d0cfaadd5,2025-03-08T23:40:25Z,2025-03-09T11:40:25Z
845,48a96593-0e47-4889-babd-b5cca59a32b2,2025-01-09T12:54:48Z,2025-01-10T03:54:48Z
846,a260157f-1440-4213-94cb-3babac0570b9,2025-02-03T04:55:03Z,2025-02-03T14:55:03Z
847,b751f0bf-7d2c-4617-84f8-e6186dd2b249,2025-02-10T01:51:21Z,2025-02-10T04:51:21Z
848,5e390508-2e20-4299-8a39-33cbd85e5e90,2025-01-06T11:57:50Z,2025-01-06T12:57:50Z
849,8e476ff7-b857-4375-a4e8-56f613db7dd9,2025-03-17T12:15:37Z,2025-03-17T23:15:37Z
850,109c4e43-37ac-4444-8fd6-3783606f53a3,2025-02-03T05:17:46Z,2025-02-03T16:17:46Z
851,a6a8b4da-8a5d-471c-afc4-4f9a8295dfbf,2025-01-13T12:39:26Z,2025-01-13T19:39:26Z
852,e4285f11-efe3-48cc-bab8-5ed298f8bf1b,2025-01-06T19:08:30Z,2025-01-06T23:08:30Z
853,22c977a3-27ae-4dfb-a55a-3d40e0005c6e,2025-02-27T19:33:12Z,2025-02-28T07:33:12Z
854,82a57874-51d3-4c00-ad40-9b5dc78004ec,2025-03-04T06:54:37Z,2025-03-04T07:54:37Z
855,4e7513b7-3bb7-493a-bb81-477571cd5c02,2025-02-27T18:43:37Z,2025-02-28T08:43:37Z
856,0a9bb274-9ca3-4567-9970-1ca11b25a17b,2025-01-26T09:29:56Z,2025-01-26T15:29:56Z
857,23eb91f9-c9c7-47c3-abf4-8083f195b387,2025-01-13T19:40:05Z,2025-01-14T10:40:05Z
858,7508c9d1-58a6-466c-961e-d5753c712f98,2025-03-16T07:36:01Z,2025-03-16T17:36:01Z
859,b74050d1-a2a6-4aba-94ff-73129d31784c,2025-01-29T20:48:06Z,2025-01-30T05:48:06Z
860,00bcf187-7c02-47ec-b923-803326ff8452,2025-01-05T12:55:50Z,2025-01-06T00:55:50Z
861,850780e0-7d37-41c6-bfe3-e25bd09eaa8a,2025-02-20T19:21:16Z,2025-02-20T23:21:16Z
862,2321f75f-7779-4c01-ac32-79a56574cedc,2025-01-26T06:17:35Z,2025-01-26T12:17:35Z
863,6413cd14-0fab-46da-9d71-98073f13139d,2025-01-12T03:11:52Z,2025-01-12T07:11:52Z
864,2952d172-2087-4f6d-8f12-295d5048eb86,2025-03-03T04:25:15Z,2025-03-03T15:25:15Z
865,56a86230-b019-48dc-b21c-bde32adbc919,2025-01-07T02:01:03Z,2025-01-07T06:01:03Z
866,34906d25-07ba-4079-803e-aa30e4a9fd6b,2025-02-28T19:06:05Z,2025-03-01T09:06:05Z
867,f3df0adc-9e25-4033-b6fa-9c445bac2067,2025-03-10T14:46:37Z,2025-03-10T17:46:37Z
868,9420bf48-d143-4763-9626-815c1ff28041,2025-02-18T17:22:41Z,2025-02-19T07:22:41Z
869,025b83eb-092d-42f6-85d7-305e5dd63f35,2025-01-22T08:44:40Z,2025-01-22T15:44:40Z
870,acdbc4e3-0c34-4526-93e2-c13e138c3454,2025-02-02T05:52:02Z,2025-02-02T15:52:02Z
871,874ef2fe-f483-446d-99d9-ab02a9c5523d,2025-03-06T08:43:56Z,2025-03-06T19:43:56Z
872,9d2f48fd-bb04-42d0-884b-67f986ea29c1,2025-01-21T05:00:36Z,2025-01-21T20:00:36Z
873,ffb5621b-4224-41f7-aa11-b4853b79e551,2025-03-03T11:59:11Z,2025-03-03T18:59:11Z
874,7103246e-3a8d-4890-a866-b57aa36d4913,2025-02-13T19:20:25Z,2025-02-14T08:20:25Z
875,441541ab-52f5-4db8-a98d-9165fd3dda3c,2025-02-02T00:16:10Z,2025-02-02T12:16:10Z
876,c4bf2a4e-1627-463f-a661-8c9476759b67,2025-02-12T01:01:18Z,2025-02-12T03:01:18Z
877,91814654-d4c2-4cbc-9496-f3b6682e477b,2025-01-28T22:54:18Z,2025-01-29T13:54:18Z
878,a0bbc2ba-b786-4d8c-865a-0c09ec2bbd8a,2025-01-19T05:31:01Z,2025-01-19T18:31:01Z
879,ce42f392-8076-41b3-be19-e38f297fb12f,2025-01-30T12:31:07Z,2025-01-31T04:31:07Z
880,ef9cf8c8-19dc-4c7f-ab97-9095482aa58e,2025-03-07T19:24:48Z,2025-03-08T04:24:48Z
881,ef7347dc-9c15-4b59-8c56-e4527975816f,2025-02-28T22:10:44Z,2025-03-01T02:10:44Z
882,e57836fe-db9a-4294-a517-cda4f757b7b2,2025-01-01T04:40:09Z,2025-01-01T14:40:09Z
883,162184b8-45ff-48c3-ab28-a4e6aa988b1e,2025-01-27T21:47:20Z,2025-01-28T12:47:20Z
884,e66f6204-93cb-4c50-854b-583f15d8808b,2025-01-11T05:08:35Z,2025-01-11T06:08:35Z
885,2824e2fc-223f-4e23-9b00-8ca135b37580,2025-02-27T14:23:37Z,2025-02-27T23:23:37Z
886,ea38f947-d40a-4ec8-b90e-7c87849de1db,2025-02-12T00:09:02Z,2025-02-12T09:09:02Z
887,d42ae752-b2db-489b-96bf-9760488b7e14,2025-01-05T10:10:16Z,2025-01-05T15:10:16Z
888,146347eb-7a3d-48b5-a7ce-fa405f151f33,2025-01-16T11:51:55Z,2025-01-17T01:51:55Z
889,e5697d3a-06e3-49bd-adf6-d48ef8f27935,2025-03-16T12:49:40Z,2025-03-16T21:49:40Z
890,82e87f90-f1ff-46e4-be27-9e3f6d991a99,2025-02-27T13:16:34Z,2025-02-28T01:16:34Z
891,67d00a99-4110-427b-9e77-f917d3684dfc,2025-03-18T01:34:00Z,2025-03-18T03:34:00Z
892,1a49f684-5886-4253-9994-c2627c4b3d30,2025-01-18T09:59:47Z,2025-01-18T12:59:47Z
893,4267f847-06d3-422d-9451-42fd407c18f4,2025-01-07T04:46:09Z,2025-01-07T12:46:09Z
894,59120f3b-c57d-4f4b-96d5-158656384654,2025-02-04T21:29:44Z,2025-02-05T12:29:44Z
895,40391dbe-b656-48e9-a85b-9db6e826c4a9,2025-01-30T17:52:20Z,2025-01-31T08:52:20Z
896,c3e9b098-5a98-41c8-abb4-6d11f0314c7e,2025-02-22T07:54:16Z,2025-02-22T19:54:16Z
897,bb62ba8f-67d9-4931-84cc-a5f9a1ade074,2025-02-25T15:37:20Z,2025-02-25T23:37:20Z
898,891ef46f-b389-45c8-81b9-4cce23353e56,2025-03-01T14:43:51Z,2025-03-02T01:43:51Z
899,bd834f19-70b7-46fc-9c8e-159c1818ed2a,2025-03-09T06:38:49Z,2025-03-09T18:38:49Z
900,530176c1-0a4c-4428-8dc0-9d3172f5d8d5,2025-02-26T01:05:13Z,2025-02-26T13:05:13Z
901,9dcc2cf3-7804-4d1d-a4ea-a8d6f9050ab9,2025-02-17T10:25:37Z,2025-02-17T20:25:37Z
902,aa6723df-f6a6-409b-bd32-0e8f2512adb0,2025-01-12T04:20:48Z,2025-01-12T10:20:48Z
903,9ed4b01e-3b30-415a-bd5f-a664288aafd3,2025-03-01T21:23:13Z,2025-03-02T05:23:13Z
904,0a9d8d13-22bb-41f9-a9ac-01cf06cce121,2025-03-11T05:08:03Z,2025-03-11T16:08:03Z
905,207ccc47-8b38-4ca3-a339-d2b6b98316ea,2025-01-13T06:07:20Z,2025-01-13T14:07:20Z
906,c27edbab-4a9b-4d8f-bbc5-61e1edada5b8,2025-03-01T22:53:40Z,2025-03-02T08:53:40Z
907,d1976288-dac5-4101-9228-2980125b48b3,2025-02-25T03:12:41Z,2025-02-25T05:12:41Z
908,0c06061e-6103-4e36-9ace-2d8aca71925f,2025-03-15T17:38:09Z,2025-03-16T07:38:09Z
909,c541d3ac-f15f-4cf0-a75a-10692d75a962,2025-02-09T09:03:23Z,2025-02-09T20:03:23Z
910,224c958d-4325-49db-a5f2-db68573d5868,2025-01-11T11:53:01Z,2025-01-12T00:53:01Z
911,0b270004-f9de-4b2b-a73a-ef1cfc2bf4e6,2025-02-09T15:35:52Z,2025-02-09T19:35:52Z
912,fefc09a3-2776-4bb4-8150-d1860598ff9f,2025-01-14T00:19:31Z,2025-01-14T11:19:31Z
913,6d120176-906b-44db-83d1-1e502550daa1,2025-03-15T12:45:49Z,2025-03-15T22:45:49Z
914,17b07d36-4f1e-4599-8b99-32317731aa67,2025-02-08T06:33:02Z,2025-02-08T19:33:02Z
915,92f9321c-80cd-479f-9df0-58650f9cfba6,2025-02-28T20:42:16Z,2025-03-01T08:42:16Z
916,6d0636df-3340-40b4-b657-e7c9c7f6282a,2025-02-07T06:31:54Z,2025-02-07T14:31:54Z
917,93acc1c0-d7df-49b6-8255-a0bb801da81c,2025-01-01T16:15:27Z,2025-01-02T03:15:27Z
918,524780d3-71c2-46b7-8e53-3c3c42eaa90c,2025-02-27T23:48:50Z,2025-02-28T00:48:50Z
919,0965e051-a093-40c4-891e-168cf339c515,2025-01-09T17:32:25Z,2025-01-09T23:32:25Z
920,ddeb89b5-1616-4a7e-b737-25c00a811e3d,2025-01-25T08:27:30Z,2025-01-26T00:27:30Z
921,81a2c17c-1ab6-4df7-944a-cede0b1b1c05,2025-01-21T22:15:43Z,2025-01-22T05:15:43Z
922,68b73860-28e3-4a49-828e-340c3dd2ce40,2025-03-17T17:04:09Z,2025-03-18T07:04:09Z
923,85ec6875-d63c-4ecc-a0de-bd5a6753a9b2,2025-01-17T05:41:37Z,2025-01-17T15:41:37Z
924,aaad5aab-73ec-45ee-aae8-3c4dea497b95,2025-01-18T07:41:26Z,2025-01-18T21:41:26Z
925,02412239-ac93-4672-b0ec-09014e8626c6,2025-01-06T14:32:17Z,2025-01-07T06:32:17Z
926,272dbdf0-d6c8-4b08-9c88-af3d168e08f8,2025-03-16T23:34:34Z,2025-03-17T07:34:34Z
927,8e380e83-9fac-429a-8c44-81bf88c68560,2025-02-16T05:13:26Z,2025-02-16T20:13:26Z
928,acc2929b-39d4-4662-983d-f64f48cb6689,2025-01-20T22:46:25Z,2025-01-21T11:46:25Z
929,7517d032-1ec2-4573-a8e9-5c086f458060,2025-01-30T12:46:26Z,2025-01-31T04:46:26Z
930,361dd788-bc80-4ba2-9008-32200486e271,2025-02-26T23:33:10Z,2025-02-27T09:33:10Z
931,1e070b61-9826-41ba-911e-417e0ae5c546,2025-03-12T12:20:04Z,2025-03-12T16:20:04Z
932,90953c8d-c0f4-4e67-a95a-a7dfe9363ab1,2025-02-24T18:17:45Z,2025-02-24T23:17:45Z
933,756896d4-2652-40cd-9e5e-b2c005d4b7f8,2025-03-18T02:02:40Z,2025-03-18T07:02:40Z
934,05150332-a5b6-449d-b90b-d64016dfdc0b,2025-01-01T13:37:33Z,2025-01-01T14:37:33Z
935,687be6f4-ce61-485e-9be2-8bd1d2aa79f2,2025-02-22T21:15:29Z,2025-02-23T02:15:29Z
936,0054da65-10d4-4ff6-9119-35e30716f418,2025-03-13T23:34:13Z,2025-03-14T15:34:13Z
937,869ce7e1-95f9-4318-92e4-689f05882789,2025-01-18T17:19:40Z,2025-01-18T19:19:40Z
938,b8494df8-12eb-40b4-93a2-8a0536fdfd65,2025-02-05T13:30:46Z,2025-02-06T02:30:46Z
939,fe0e1008-a3e0-46ce-869d-bbe19b49bfac,2025-01-07T22:23:45Z,2025-01-08T09:23:45Z
940,6c824b57-d1f7-4232-9102-f9c538115526,2025-02-05T08:32:17Z,2025-02-05T17:32:17Z
941,78354e78-dcd3-4ff9-9853-46689b7cfaee,2025-01-04T04:47:41Z,2025-01-04T10:47:41Z
942,cc99ea00-db59-4486-9074-4c7cef5a7e60,2025-01-29T17:33:26Z,2025-01-29T21:33:26Z
943,701c2690-c682-4792-91fd-db77bb3524a0,2025-03-05T11:29:57Z,2025-03-05T13:29:57Z
944,e5f030ca-76bc-45fb-9d3b-a647dbdd1820,2025-02-07T10:31:26Z,2025-02-07T22:31:26Z
945,37fa744e-a3b5-426f-9b9a-c70c209b41c1,2025-03-16T00:31:04Z,2025-03-16T10:31:04Z
946,993bcb2f-84a4-43c3-9b55-cf5d91d8bbfb,2025-03-16T04:06:36Z,2025-03-16T08:06:36Z
947,22bee682-0e2a-4da1-94e9-623157806ba5,2025-03-13T15:56:14Z,2025-03-14T01:56:14Z
948,3234a345-d0e4-4e8c-9f5a-5c9104ce02d1,2025-01-17T18:49:48Z,2025-01-18T10:49:48Z
949,d348d1ec-187a-45d9-8c64-4282f003e5d5,2025-01-24T21:49:56Z,2025-01-25T04:49:56Z
950,6c53b333-68f9-44f5-9667-4766ccf96e85,2025-01-29T15:03:40Z,2025-01-30T02:03:40Z
951,3cc5f6d7-b2a7-4100-95bf-75cbc825e391,2025-01-15T17:36:06Z,2025-01-15T21:36:06Z
952,aee58d64-19f3-4803-b664-6fb1e0c8d3e5,2025-02-11T17:34:41Z,2025-02-12T01:34:41Z
953,c64e3275-a43c-46f4-8b56-f5c301e61346,2025-01-29T15:01:34Z,2025-01-30T07:01:34Z
954,3dde1069-ef5f-423b-ba9f-785ad1a24ed5,2025-01-28T04:10:12Z,2025-01-28T11:10:12Z
955,9ef7f52e-2922-4ca1-9e54-16ed5f4048df,2025-03-03T19:35:06Z,2025-03-03T21:35:06Z
956,bc12e5a1-be4d-4059-926d-52c2125b6598,2025-03-18T07:18:42Z,2025-03-18T11:18:42Z
957,ccb61067-e4d5-4552-be56-e81a863f7bbf,2025-02-12T11:40:26Z,2025-02-12T17:40:26Z
958,55bda6dd-1efb-4ce7-9670-3baf08e371b7,2025-02-19T21:16:56Z,2025-02-20T12:16:56Z
959,0e8657e8-0d57-4765-a441-3b15610e98bd,2025-02-13T04:27:49Z,2025-02-13T13:27:49Z
960,35963142-742f-4472-95fa-ceeabd2e8853,2025-01-25T06:55:19Z,2025-01-25T19:55:19Z
961,da5da51c-ffa9-4247-bd4e-4d38ac30573e,2025-01-04T13:07:07Z,2025-01-04T19:07:07Z
962,88535878-f052-41d3-b040-a3285b0d1d34,2025-02-23T22:32:41Z,2025-02-24T00:32:41Z
963,98ff441f-d55e-4ad6-b183-d9ed8f5c82ef,2025-02-11T21:45:02Z,2025-02-12T05:45:02Z
964,47a5f1b5-b7fd-4d0e-8eb8-b4041d3eb379,2025-03-17T08:22:43Z,2025-03-17T10:22:43Z
965,3d3eb80c-ccf6-4ab3-b32c-c7375b93b657,2025-02-14T14:50:46Z,2025-02-14T19:50:46Z
966,783ced9b-9baa-4903-a111-6c9c28816ac3,2025-01-01T09:57:40Z,2025-01-01T23:57:40Z
967,0ee575d7-6676-4811-82c0-9cf81a33bff8,2025-02-27T01:11:06Z,2025-02-27T12:11:06Z
968,d086fb5f-3e55-4f37-865f-1ab472f9b48f,2025-02-11T13:46:51Z,2025-02-12T04:46:51Z
969,0f7a6a2b-c316-426d-98da-acd0218fc8d8,2025-01-13T13:05:39Z,2025-01-13T15:05:39Z
970,60e0f05a-f69e-4009-b001-ee2f6ac32af4,2025-02-15T01:09:37Z,2025-02-15T05:09:37Z
971,b5a220e4-459d-4890-b0e9-a94a4c6517f1,2025-02-06T07:54:32Z,2025-02-06T12:54:32Z
972,62c6f38c-ab13-4784-9471-7a445e1d7204,2025-02-09T11:34:30Z,2025-02-10T00:34:30Z
973,faf99b54-2d68-4494-a005-c2c58b474ada,2025-01-20T18:58:50Z,2025-01-21T08:58:50Z
974,e3c84888-2120-4473-9728-1b646e177b52,2025-01-22T06:09:20Z,2025-01-22T07:09:20Z
975,304cef47-16c1-4d90-b94e-f12242bc3f6d,2025-02-20T10:32:45Z,2025-02-20T19:32:45Z
976,b61f3782-59f5-49a6-bafa-bde14f3372f6,2025-01-17T05:27:06Z,2025-01-17T08:27:06Z
977,c7c7ac57-ecd8-4eae-a225-f07648731461,2025-01-06T05:41:41Z,2025-01-06T07:41:41Z
978,3bbe0745-9a21-4250-84f7-99e88240f0b7,2025-02-04T23:13:45Z,2025-02-05T07:13:45Z
979,c61fd6e0-ab19-4f1e-a0ed-8608e51996b4,2025-01-25T09:53:17Z,2025-01-25T14:53:17Z
980,bc92e5b2-40f3-441a-8f1c-9ccbbd239eef,2025-01-28T20:19:00Z,2025-01-28T22:19:00Z
981,45d29bba-122b-4368-a21c-b9b5bb48faf8,2025-01-10T10:54:03Z,2025-01-11T00:54:03Z
982,a03113e8-512f-4e92-8ab2-d76b2c1570e9,2025-02-12T08:50:31Z,2025-02-12T20:50:31Z
983,5430c5d6-59a7-4bc7-a875-b75b83b7a5b0,2025-03-15T14:32:59Z,2025-03-16T05:32:59Z
984,741a0926-9dd6-4972-8b8a-c09b6e116bb7,2025-02-03T07:56:18Z,2025-02-03T09:56:18Z
985,406fa6b4-c649-4d22-92dd-fedc843302d3,2025-02-17T11:54:26Z,2025-02-17T13:54:26Z
986,54ecf6a5-b54a-4403-8ed3-bbc0bb6affaa,2025-02-20T04:55:11Z,2025-02-20T17:55:11Z
987,4b6ebcbf-4f4e-4a7e-82cd-011e83207a05,2025-01-29T04:44:48Z,2025-01-29T14:44:48Z
988,94f11f02-af7a-4bf7-84d4-0e890f098f29,2025-02-22T08:32:55Z,2025-02-23T00:32:55Z
989,b9764e39-9f94-45e7-9fae-944aa34db8f1,2025-03-06T05:28:49Z,2025-03-06T18:28:49Z
990,4705bd36-862c-4836-b4e9-d0ab03956f9d,2025-01-27T18:32:43Z,2025-01-27T20:32:43Z
991,6bcbddcf-77eb-4e92-abc6-1e427238bbfb,2025-01-13T02:42:18Z,2025-01-13T16:42:18Z
992,884a2668-43fe-46dc-a5a4-f57ae0f39433,2025-03-13T08:43:14Z,2025-03-13T21:43:14Z
993,84f3b65d-37b1-4fb9-8016-1c82a983e343,2025-03-05T04:10:00Z,2025-03-05T12:10:00Z
994,7fd0b3cd-5173-4119-a334-b170b26e3616,2025-02-15T03:08:17Z,2025-02-15T13:08:17Z
995,33d247e9-485d-4cf3-bc04-816177e06e57,2025-01-27T06:18:52Z,2025-01-27T19:18:52Z
996,268b166d-b8c4-4d6c-aaa8-e56c44433116,2025-02-02T16:20:28Z,2025-02-02T22:20:28Z
997,0f7de386-8486-49ea-a6b0-8ee150dad997,2025-02-08T12:43:18Z,2025-02-09T01:43:18Z
998,8f1e3ce7-7577-4df6-810e-c3b8aa92d4d6,2025-01-01T22:15:40Z,2025-01-02T00:15:40Z
999,8bd9c967-975b-4a67-ae68-a9c8c6e38c64,2025-01-29T08:31:03Z,2025-01-29T23:31:03Z
1000,6e94ec99-6212-4fe8-8c36-7f6082c1c574,2025-02-16T07:33:31Z,2025-02-16T19:33:31Z
